path,filename,category,archive_member,bytes,sha256,provenance
geometry/coordinates/AQUILA.COR,AQUILA.COR,geometry/coordinates,UIUC_τ⌐║µ░öσè¿σè¢σ¡ªµò░µì«/AQUILA.COR,1088,1f7a50dd1b5246b1043792eb6f7a73cfff7432950ef4163b0f1c5772508f266e,byte-identical to official Stec8.zip
geometry/coordinates/CLARK-Y.COR,CLARK-Y.COR,geometry/coordinates,UIUC_τ⌐║µ░öσè¿σè¢σ¡ªµò░µì«/CLARK-Y.COR,1251,36e15418871f01064a8495c1667d308827c62aa468590271b37080d9eb1dea68,byte-identical to official Stec8.zip
geometry/coordinates/DAE51.COR,DAE51.COR,geometry/coordinates,UIUC_τ⌐║µ░öσè¿σè¢σ¡ªµò░µì«/DAE51.COR,1105,47859f549ad5a0bc08302ebc79275569f5e7b03b7ac3962bcd7e95cf5464ef64,byte-identical to official Stec8.zip
geometry/coordinates/DF101.COR,DF101.COR,geometry/coordinates,UIUC_τ⌐║µ░öσè¿σè¢σ¡ªµò░µì«/DF101.COR,1105,a6f223d6f3c7afcfc83dcafc128bf5b86df9f1a797d4e22b1c45c1c373f92a4d,byte-identical to official Stec8.zip
geometry/coordinates/DF102.COR,DF102.COR,geometry/coordinates,UIUC_τ⌐║µ░öσè¿σè¢σ¡ªµò░µì«/DF102.COR,1105,abc6fee54e0ff35a562b9ca0d1af7ef9901f7d1b3fd39223619348749d857402,byte-identical to official Stec8.zip
geometry/coordinates/DF103.COR,DF103.COR,geometry/coordinates,UIUC_τ⌐║µ░öσè¿σè¢σ¡ªµò░µì«/DF103.COR,125,a61e5b36ae521329def787b58ded6726e08d0a7ebc77d7ea9720c3fc6db76db1,byte-identical to official Stec8.zip
geometry/coordinates/E193.COR,E193.COR,geometry/coordinates,UIUC_τ⌐║µ░öσè¿σè¢σ¡ªµò░µì«/E193.COR,1122,61a5f80cf020dd5350d1006f370e616b2c736d9a536685b742af3082aae4131e,byte-identical to official Stec8.zip
geometry/coordinates/E193MOD.COR,E193MOD.COR,geometry/coordinates,UIUC_τ⌐║µ░öσè¿σè¢σ¡ªµò░µì«/E193MOD.COR,1125,66470e01322ca269bd9b75d3bf96e0ccb7651f9244b148a857defa05b417c18f,byte-identical to official Stec8.zip
geometry/coordinates/E205.COR,E205.COR,geometry/coordinates,UIUC_τ⌐║µ░öσè¿σè¢σ¡ªµò░µì«/E205.COR,1122,7055fd3e5e2a232576d989f63e5e9e69f1b0a44e16c5ec43086e36c56f5dcdbc,byte-identical to official Stec8.zip
geometry/coordinates/E214.COR,E214.COR,geometry/coordinates,UIUC_τ⌐║µ░öσè¿σè¢σ¡ªµò░µì«/E214.COR,1122,5e4012979fe053fc616e504a9942ac1b624d294cc7e9122c70d4f01a59ea3001,byte-identical to official Stec8.zip
geometry/coordinates/E374.COR,E374.COR,geometry/coordinates,UIUC_τ⌐║µ░öσè¿σè¢σ¡ªµò░µì«/E374.COR,1104,2c27742cef22ad4d7b0936314d5d567f0c742f4db38aaa421b363025a069b0b9,byte-identical to official Stec8.zip
geometry/coordinates/E387.COR,E387.COR,geometry/coordinates,UIUC_τ⌐║µ░öσè¿σè¢σ¡ªµò░µì«/E387.COR,1086,a60a8c73b7d7ad0acbd1b61d2b3b272af291bdd1d98889416d6dfe187db14e82,byte-identical to official Stec8.zip
geometry/coordinates/FX60-100.COR,FX60-100.COR,geometry/coordinates,UIUC_τ⌐║µ░öσè¿σè¢σ¡ªµò░µì«/FX60-100.COR,1145,50849bf3f253dafd8bc98d949dcad62818467e5fdeb9d9f534c0b04a626d1162,byte-identical to official Stec8.zip
geometry/coordinates/FX63-137.COR,FX63-137.COR,geometry/coordinates,UIUC_τ⌐║µ░öσè¿σè¢σ¡ªµò░µì«/FX63-137.COR,1126,4c20fcd353fcdfbcb1ad06bf64c12e90e8b02ea7246d28ff07a4684096890ea6,byte-identical to official Stec8.zip
geometry/coordinates/HQ2-9.COR,HQ2-9.COR,geometry/coordinates,UIUC_τ⌐║µ░öσè¿σè¢σ¡ªµò░µì«/HQ2-9.COR,718,84e5895f14077cec3cd07211322fb393a2df3c32ac0dbff786785ab70c95b209,byte-identical to official Stec8.zip
geometry/coordinates/J5012.COR,J5012.COR,geometry/coordinates,UIUC_τ⌐║µ░öσè¿σè¢σ¡ªµò░µì«/J5012.COR,1105,b97393b68a7bc9a991d5aa88cebfe8ce13f4562066a21729ef833748d924bc55,byte-identical to official Stec8.zip
geometry/coordinates/MB253515.COR,MB253515.COR,geometry/coordinates,UIUC_τ⌐║µ░öσè¿σè¢σ¡ªµò░µì«/MB253515.COR,1216,0a5dd9e72ff4404f140152600550f701da46b673e1ddda9ce400301e995f78ec,byte-identical to official Stec8.zip
geometry/coordinates/MILEY.COR,MILEY.COR,geometry/coordinates,UIUC_τ⌐║µ░öσè¿σè¢σ¡ªµò░µì«/MILEY.COR,1159,3510242f25c8b9060a5bae81708dab3a5d536111b8db68067f7a92ad4f6af059,byte-identical to official Stec8.zip
geometry/coordinates/NACA0009.COR,NACA0009.COR,geometry/coordinates,UIUC_τ⌐║µ░öσè¿σè¢σ¡ªµò░µì«/NACA0009.COR,1252,64b2afbd38b5614c8e60fdd489cd34eb17a10561f1fd7a1b958934a591d143bc,byte-identical to official Stec8.zip
geometry/coordinates/NACA2411.COR,NACA2411.COR,geometry/coordinates,UIUC_τ⌐║µ░öσè¿σè¢σ¡ªµò░µì«/NACA2411.COR,1110,62c6973a8888ee06fb02981c07a905eee130ecad85ee413bbe92f22e60720c30,byte-identical to official Stec8.zip
geometry/coordinates/NACA64.COR,NACA64.COR,geometry/coordinates,UIUC_τ⌐║µ░öσè¿σè¢σ¡ªµò░µì«/NACA64.COR,1022,d6011f9a35e698b20b0ac510880616a4f03cebfe033f519b76af4ff71a28e5f4,byte-identical to official Stec8.zip
geometry/coordinates/NACA6409.COR,NACA6409.COR,geometry/coordinates,UIUC_τ⌐║µ░öσè¿σè¢σ¡ªµò░µì«/NACA6409.COR,1108,867c42e96a9d0a5e2f63ecedf8639afe56ed62c5ea126dd2f543eb43a177b457,byte-identical to official Stec8.zip
geometry/coordinates/RG15.COR,RG15.COR,geometry/coordinates,UIUC_τ⌐║µ░öσè¿σè¢σ¡ªµò░µì«/RG15.COR,1104,114d5cd6169adaec6c3ace128e674e01b3a8e11af29ad3071902763dd27402d2,byte-identical to official Stec8.zip
geometry/coordinates/S2048.COR,S2048.COR,geometry/coordinates,UIUC_τ⌐║µ░öσè¿σè¢σ¡ªµò░µì«/S2048.COR,1105,ff778867162839bdf9f9827bd440566798451650a33e53f1ddf5e9f0c4cbfe1e,byte-identical to official Stec8.zip
geometry/coordinates/S2055.COR,S2055.COR,geometry/coordinates,UIUC_τ⌐║µ░öσè¿σè¢σ¡ªµò░µì«/S2055.COR,1105,67f8dc8d356810811c42c887771fdf3fd48438aad880543a545964c9be1a4efd,byte-identical to official Stec8.zip
geometry/coordinates/S2091.COR,S2091.COR,geometry/coordinates,UIUC_τ⌐║µ░öσè¿σè¢σ¡ªµò░µì«/S2091.COR,1105,1c43257839ddda73e5f246974c2b18b7fadfeec9470e3953ef90ed8cbf1c97c3,byte-identical to official Stec8.zip
geometry/coordinates/S3010.COR,S3010.COR,geometry/coordinates,UIUC_τ⌐║µ░öσè¿σè¢σ¡ªµò░µì«/S3010.COR,1105,485eb1256c4b0ebec8ade4110609029d861a2073fc8f3af25e45c44d7239536e,byte-identical to official Stec8.zip
geometry/coordinates/S3014.COR,S3014.COR,geometry/coordinates,UIUC_τ⌐║µ░öσè¿σè¢σ¡ªµò░µì«/S3014.COR,1105,8e18c3f0c6eac9691d9bbc1004413a87cdad179cdf78add6fe45bb57a0fa28b8,byte-identical to official Stec8.zip
geometry/coordinates/S3016.COR,S3016.COR,geometry/coordinates,UIUC_τ⌐║µ░öσè¿σè¢σ¡ªµò░µì«/S3016.COR,1105,83b852306023d06cef858957974d56dd76de10c21b1f3085bac2b39bf39bb27f,byte-identical to official Stec8.zip
geometry/coordinates/S3021.COR,S3021.COR,geometry/coordinates,UIUC_τ⌐║µ░öσè¿σè¢σ¡ªµò░µì«/S3021.COR,1105,f8ce40d467befb92d439a9f75370b1095a56e653fbc8eb57119cd6cc8697fef9,byte-identical to official Stec8.zip
geometry/coordinates/S4061.COR,S4061.COR,geometry/coordinates,UIUC_τ⌐║µ░öσè¿σè¢σ¡ªµò░µì«/S4061.COR,1105,01f4b1475eb888a63d739a5f57625850d47c8f6bae14c86d56e8afc88c866a7b,byte-identical to official Stec8.zip
geometry/coordinates/S4062.COR,S4062.COR,geometry/coordinates,UIUC_τ⌐║µ░öσè¿σè¢σ¡ªµò░µì«/S4062.COR,1105,c848d5496a671b8d906f5d4a788f08614f3b43455bcb320d0e5c42d74cf1ff29,byte-identical to official Stec8.zip
geometry/coordinates/S4180.COR,S4180.COR,geometry/coordinates,UIUC_τ⌐║µ░öσè¿σè¢σ¡ªµò░µì«/S4180.COR,1106,0c1592bda883427bd6a95e4fecc2485fd81054c0820bf62aa7a1b15b6fcdf60c,byte-identical to official Stec8.zip
geometry/coordinates/S4233.COR,S4233.COR,geometry/coordinates,UIUC_τ⌐║µ░öσè¿σè¢σ¡ªµò░µì«/S4233.COR,1105,bf2676aba2d65a75dc5bd3af06fa6195ec7d47cbab8e85baf45ea431539b285a,byte-identical to official Stec8.zip
geometry/coordinates/SD2030.COR,SD2030.COR,geometry/coordinates,UIUC_τ⌐║µ░öσè¿σè¢σ¡ªµò░µì«/SD2030.COR,1106,647631c4862404adaeacf97d35766c669b693d326ac86cb525cb8fc51044fde9,byte-identical to official Stec8.zip
geometry/coordinates/SD2083.COR,SD2083.COR,geometry/coordinates,UIUC_τ⌐║µ░öσè¿σè¢σ¡ªµò░µì«/SD2083.COR,1106,5753326e0424c4d44b7d20c4825e33e8c6311f2b431a8d54479ef781a5ed4fb9,byte-identical to official Stec8.zip
geometry/coordinates/SD5060.COR,SD5060.COR,geometry/coordinates,UIUC_τ⌐║µ░öσè¿σè¢σ¡ªµò░µì«/SD5060.COR,1106,92e14e2c4defc91477af3e125a573d48f0987cd6a9c89647ac99001f479f08d3,byte-identical to official Stec8.zip
geometry/coordinates/SD6060.COR,SD6060.COR,geometry/coordinates,UIUC_τ⌐║µ░öσè¿σè¢σ¡ªµò░µì«/SD6060.COR,1106,f7231f8f7a64bcace1ded23b42af5f733af350100e2c4088cf5e51369f3773a9,byte-identical to official Stec8.zip
geometry/coordinates/SD6080.COR,SD6080.COR,geometry/coordinates,UIUC_τ⌐║µ░öσè¿σè¢σ¡ªµò░µì«/SD6080.COR,1106,7b02d2ceee6e7e0a793d053c9b72bde25ac0ef6c69fec63bfe31de7c38c6fac7,byte-identical to official Stec8.zip
geometry/coordinates/SD7003.COR,SD7003.COR,geometry/coordinates,UIUC_τ⌐║µ░öσè¿σè¢σ¡ªµò░µì«/SD7003.COR,1106,3f29a635deb43b4c77f69974b03a015509ff3509d929c1bb7c02fa6e20de0b3f,byte-identical to official Stec8.zip
geometry/coordinates/SD7032.COR,SD7032.COR,geometry/coordinates,UIUC_τ⌐║µ░öσè¿σè¢σ¡ªµò░µì«/SD7032.COR,1106,e0afc35602c155d7ac4a48b7fa91b5d3d0b2c16d70be9d1d5b6a8a3030f40d70,byte-identical to official Stec8.zip
geometry/coordinates/SD7037.COR,SD7037.COR,geometry/coordinates,UIUC_τ⌐║µ░öσè¿σè¢σ¡ªµò░µì«/SD7037.COR,1106,799e73e2893517a3f871e4bdd4867f8be484f2841ec6eba0289c1ca970f7339f,byte-identical to official Stec8.zip
geometry/coordinates/SD7043.COR,SD7043.COR,geometry/coordinates,UIUC_τ⌐║µ░öσè¿σè¢σ¡ªµò░µì«/SD7043.COR,1106,b1126d66e687c02b9e1a8cda896d3eea675b8a6411db3ee7a51c0c3875d5a107,byte-identical to official Stec8.zip
geometry/coordinates/SD7062.COR,SD7062.COR,geometry/coordinates,UIUC_τ⌐║µ░öσè¿σè¢σ¡ªµò░µì«/SD7062.COR,1106,b09621b516d39212b3d5706aad4ca6f6ca1b5010554904477b90a01bc0790329,byte-identical to official Stec8.zip
geometry/coordinates/SD7080.COR,SD7080.COR,geometry/coordinates,UIUC_τ⌐║µ░öσè¿σè¢σ¡ªµò░µì«/SD7080.COR,1106,26cdf23da3f1893d63c9d5000d8170f496b18ff6eef2c53e8ad24654e3ebef65,byte-identical to official Stec8.zip
geometry/coordinates/SD7084.COR,SD7084.COR,geometry/coordinates,UIUC_τ⌐║µ░öσè¿σè¢σ¡ªµò░µì«/SD7084.COR,1106,e071beb749d1e81d0d50d0bd72951116cbaff4062617dd4046844191be913b11,byte-identical to official Stec8.zip
geometry/coordinates/SD7090.COR,SD7090.COR,geometry/coordinates,UIUC_τ⌐║µ░öσè¿σè¢σ¡ªµò░µì«/SD7090.COR,1106,e9b7b2e561c4b12703c1b833d6743f2d0adcebee0cc485e90e30464c9b24a431,byte-identical to official Stec8.zip
geometry/coordinates/SD8000.COR,SD8000.COR,geometry/coordinates,UIUC_τ⌐║µ░öσè¿σè¢σ¡ªµò░µì«/SD8000.COR,1106,b7cc7513803b11e18c5c75832babf738b14cb3307203bea3e477b8ee6e632273,byte-identical to official Stec8.zip
geometry/coordinates/SD8020.COR,SD8020.COR,geometry/coordinates,UIUC_τ⌐║µ░öσè¿σè¢σ¡ªµò░µì«/SD8020.COR,1106,27abef5ff6384d38c711828cdb7aa482d1998d732f43a57637b478230c998db7,byte-identical to official Stec8.zip
geometry/coordinates/SD8040.COR,SD8040.COR,geometry/coordinates,UIUC_τ⌐║µ░öσè¿σè¢σ¡ªµò░µì«/SD8040.COR,1106,121fe5f243e4d3c134d5b6023e6e9d5a510c9cf2651742ae846cbd2214558347,byte-identical to official Stec8.zip
geometry/coordinates/SPICA.COR,SPICA.COR,geometry/coordinates,UIUC_τ⌐║µ░öσè¿σè¢σ¡ªµò░µì«/SPICA.COR,889,6332e22b93f28d49a50648caae571f3a83b43fd02678e53f1d7774bd81962355,byte-identical to official Stec8.zip
geometry/coordinates/WB13535.COR,WB13535.COR,geometry/coordinates,UIUC_τ⌐║µ░öσè¿σè¢σ¡ªµò░µì«/WB13535.COR,999,458c5abfb3596d3c34980bcdeb5a5319ff3c1e0273f0a674762dbfbe26d1a9b9,byte-identical to official Stec8.zip
geometry/coordinates/WB14035.COR,WB14035.COR,geometry/coordinates,UIUC_τ⌐║µ░öσè¿σè¢σ¡ªµò░µì«/WB14035.COR,999,925f0f3b66fcd3d838fb25ff11eaef6e1c54ecc10c5b3961b04fb12e1ae3aa9b,byte-identical to official Stec8.zip
geometry/measured_profiles/ALL.DAP,ALL.DAP,geometry/measured_profiles,UIUC_τ⌐║µ░öσè¿σè¢σ¡ªµò░µì«/ALL.DAP,63852,e1a138a83b09c9d7d3ef226dab5687b4de259c53022d893bb66ea144abe223a6,byte-identical to official Stec8.zip
lift/raw/AQUILA.06,AQUILA.06,lift/raw,UIUC_τ⌐║µ░öσè¿σè¢σ¡ªµò░µì«/AQUILA.06,1907,f6fbd39e44ff8a62b16a5d8a10887793d057293ba48bb9b80189645faefe0cee,byte-identical to official Stec8.zip
lift/raw/AQUILA.08,AQUILA.08,lift/raw,UIUC_τ⌐║µ░öσè¿σè¢σ¡ªµò░µì«/AQUILA.08,1907,4ec6abe9a5b44ffd71e2794746051a9ec91660cbefcc8cf91f1c3b7de4f80739,byte-identical to official Stec8.zip
lift/raw/AQUILA.10,AQUILA.10,lift/raw,UIUC_τ⌐║µ░öσè¿σè¢σ¡ªµò░µì«/AQUILA.10,1910,d4532d7c6707f4ba6811cdbaa1c10ad1ecb02382d737a6bf16e7dcb9309c1fe6,byte-identical to official Stec8.zip
lift/raw/CLARK-Y.06,CLARK-Y.06,lift/raw,UIUC_τ⌐║µ░öσè¿σè¢σ¡ªµò░µì«/CLARK-Y.06,1696,304e34f29863d3a552d9ed14205b24cda204d33c95574c1a53b1d675f885ca6b,byte-identical to official Stec8.zip
lift/raw/CLARK-Y.08,CLARK-Y.08,lift/raw,UIUC_τ⌐║µ░öσè¿σè¢σ¡ªµò░µì«/CLARK-Y.08,1696,70f408989f562958089a467bfdf40feb4215fa7a758b96e8831e12702f1b0503,byte-identical to official Stec8.zip
lift/raw/CLARK-Y.10,CLARK-Y.10,lift/raw,UIUC_τ⌐║µ░öσè¿σè¢σ¡ªµò░µì«/CLARK-Y.10,1698,cd32eef3d1b781ef715bb8eb7485d2b34fe6ecdcc79254f677f0fe15b74c8b0b,byte-identical to official Stec8.zip
lift/raw/DAE51.06,DAE51.06,lift/raw,UIUC_τ⌐║µ░öσè¿σè¢σ¡ªµò░µì«/DAE51.06,1694,69b33e73a999c8a1715cca5dc9a40d6562c10264cf98788ca80c5e36c6d45873,byte-identical to official Stec8.zip
lift/raw/DAE51.08,DAE51.08,lift/raw,UIUC_τ⌐║µ░öσè¿σè¢σ¡ªµò░µì«/DAE51.08,1694,5f1b5a6503226d6811b1a45a76e75274667be0da02ffe7e9b9410376b467b46a,byte-identical to official Stec8.zip
lift/raw/DAE51.10,DAE51.10,lift/raw,UIUC_τ⌐║µ░öσè¿σè¢σ¡ªµò░µì«/DAE51.10,1697,c546dda9cd17cf5c1f5da94e0d4f16c9bb5a82ed3d86a0737c56f737a09a79c0,byte-identical to official Stec8.zip
lift/raw/E205B.04,E205B.04,lift/raw,UIUC_τ⌐║µ░öσè¿σè¢σ¡ªµò░µì«/E205B.04,1766,b323efc3f36fbf83c10de492b426c70b6756732a99cf26a24034bf6b56ca5dfc,byte-identical to official Stec8.zip
lift/raw/E205B.06,E205B.06,lift/raw,UIUC_τ⌐║µ░öσè¿σè¢σ¡ªµò░µì«/E205B.06,1766,1f8c692cefbd80232cac14149e3a7e69f28701e9180f3caecba270bd162794ef,byte-identical to official Stec8.zip
lift/raw/E205B.08,E205B.08,lift/raw,UIUC_τ⌐║µ░öσè¿σè¢σ¡ªµò░µì«/E205B.08,1766,64af56bdb44c6dd7b1b9b2a5790638695159e9876536e1be16a9b9631d49fc1f,byte-identical to official Stec8.zip
lift/raw/E205B.10,E205B.10,lift/raw,UIUC_τ⌐║µ░öσè¿σè¢σ¡ªµò░µì«/E205B.10,1764,b5eff409861f8efbcb7cdbf7fa8477791f71bcec046cd5a77fe8b96a881ca409,byte-identical to official Stec8.zip
lift/raw/E214CF0.04,E214CF0.04,lift/raw,UIUC_τ⌐║µ░öσè¿σè¢σ¡ªµò░µì«/E214CF0.04,1646,05471a9477bf7980eece0d62c8987bd8b3c0a92da076d1f049b6cb04bdd666fb,byte-identical to official Stec8.zip
lift/raw/E214CF0.06,E214CF0.06,lift/raw,UIUC_τ⌐║µ░öσè¿σè¢σ¡ªµò░µì«/E214CF0.06,1639,0fefb4799c574801dfbe4d0fc3552fc6e86d2928a68960c9c9a37b70e050a1a0,byte-identical to official Stec8.zip
lift/raw/E214CF0.08,E214CF0.08,lift/raw,UIUC_τ⌐║µ░öσè¿σè¢σ¡ªµò░µì«/E214CF0.08,1646,6b8b5603ee90b7cee90d57ed5b6711271761680376091a07823fd18540c762c7,byte-identical to official Stec8.zip
lift/raw/E214CF0.10,E214CF0.10,lift/raw,UIUC_τ⌐║µ░öσè¿σè¢σ¡ªµò░µì«/E214CF0.10,1649,244982d4187936922e6e23807163b3171ab6016d24fd08420fbe179abdb7bfb7,byte-identical to official Stec8.zip
lift/raw/E374C.06,E374C.06,lift/raw,UIUC_τ⌐║µ░öσè¿σè¢σ¡ªµò░µì«/E374C.06,1904,c88f5a64a6e6668b9649f587a788333d1634aea05f0025858d240d2fffa44c55,byte-identical to official Stec8.zip
lift/raw/E374C.08,E374C.08,lift/raw,UIUC_τ⌐║µ░öσè¿σè¢σ¡ªµò░µì«/E374C.08,1904,a209508d2c2285d7597fcbe474b287795cb3e8f5a460ba0460ca1891e9062bdd,byte-identical to official Stec8.zip
lift/raw/E374C.10,E374C.10,lift/raw,UIUC_τ⌐║µ░öσè¿σè¢σ¡ªµò░µì«/E374C.10,1907,4e28c22de18303ac7f3638643524f4453479be113e34d3eb6d35f02fa4ba37c8,byte-identical to official Stec8.zip
lift/raw/E387A.04,E387A.04,lift/raw,UIUC_τ⌐║µ░öσè¿σè¢σ¡ªµò░µì«/E387A.04,1696,fd299fa33c8fd71c36a0952f04d8de814e01d92f7bdd8fda670643801022b7b9,byte-identical to official Stec8.zip
lift/raw/E387A.06,E387A.06,lift/raw,UIUC_τ⌐║µ░öσè¿σè¢σ¡ªµò░µì«/E387A.06,1696,9b815dfaf4598c821891c5ddbcd492c030e3b2acb6f4fad065146ba03e0f89bc,byte-identical to official Stec8.zip
lift/raw/E387A.08,E387A.08,lift/raw,UIUC_τ⌐║µ░öσè¿σè¢σ¡ªµò░µì«/E387A.08,1696,ce58dd76553b67104bee8859f323e7f48fedebf2a4644d9e41b05d5bbf7e3cd4,byte-identical to official Stec8.zip
lift/raw/E387A.10,E387A.10,lift/raw,UIUC_τ⌐║µ░öσè¿σè¢σ¡ªµò░µì«/E387A.10,1697,4992dedbd5dd1dbbb856521821554ae097f527d01691ae3db7c439ccce5f1a1f,byte-identical to official Stec8.zip
lift/raw/FP.10,FP.10,lift/raw,UIUC_τ⌐║µ░öσè¿σè¢σ¡ªµò░µì«/FP.10,1699,072c518521a5ebf9605086858ccd32cc3240d80f90e1098797932cf4c05e555d,byte-identical to official Stec8.zip
lift/raw/FX63-137.06,FX63-137.06,lift/raw,UIUC_τ⌐║µ░öσè¿σè¢σ¡ªµò░µì«/FX63-137.06,1013,4ef167cde0c93b071f1d972bfcc7605035605ea91b51dd0b21221f138a160798,byte-identical to official Stec8.zip
lift/raw/FX63-137.10,FX63-137.10,lift/raw,UIUC_τ⌐║µ░öσè¿σè¢σ¡ªµò░µì«/FX63-137.10,1014,b2d62622c7b16fbe1b88c8d4e141ae2c3e7fa701f8c5e3e88a2e71cdde42bd0a,byte-identical to official Stec8.zip
lift/raw/HQ2-9A.06,HQ2-9A.06,lift/raw,UIUC_τ⌐║µ░öσè¿σè¢σ¡ªµò░µì«/HQ2-9A.06,1979,ced2f829c2c715e5fcddf1f4764de237e7567e8ba82f0e02a8d88244aab5b230,byte-identical to official Stec8.zip
lift/raw/HQ2-9A.06B,HQ2-9A.06B,lift/raw,UIUC_τ⌐║µ░öσè¿σè¢σ¡ªµò░µì«/HQ2-9A.06B,901,f229de81d002f2d76548c9c9deac35be36c4c219391d0c539504e2aaaa110a46,byte-identical to official Stec8.zip
lift/raw/HQ2-9A.06C,HQ2-9A.06C,lift/raw,UIUC_τ⌐║µ░öσè¿σè¢σ¡ªµò░µì«/HQ2-9A.06C,915,c96e27ff3d7fe9ce24ca7825cae038f59e18597d38d4858e83748ca861149b34,byte-identical to official Stec8.zip
lift/raw/HQ2-9A.06D,HQ2-9A.06D,lift/raw,UIUC_τ⌐║µ░öσè¿σè¢σ¡ªµò░µì«/HQ2-9A.06D,915,6bd7f27c88f7932d97fd3c3ea043e086dd43a17480a05e5a47ff27c89dd24a70,byte-identical to official Stec8.zip
lift/raw/HQ2-9A.10,HQ2-9A.10,lift/raw,UIUC_τ⌐║µ░öσè¿σè¢σ¡ªµò░µì«/HQ2-9A.10,916,33776a72ce371254301b7ecd735438cd74c3dd01596a6ec667354dc4637164e5,byte-identical to official Stec8.zip
lift/raw/HQ2-9A.20,HQ2-9A.20,lift/raw,UIUC_τ⌐║µ░öσè¿σè¢σ¡ªµò░µì«/HQ2-9A.20,916,2553cfd7195bff57f870b857f8b5049bb1c6fb2ee7fe6f2bdd4070463509f8c2,byte-identical to official Stec8.zip
lift/raw/HQ2-9B.06,HQ2-9B.06,lift/raw,UIUC_τ⌐║µ░öσè¿σè¢σ¡ªµò░µì«/HQ2-9B.06,1701,bcd9c2b0c0721634bc19426c2d9bd7c1de6237ae6a645ea7b940788263586da9,byte-identical to official Stec8.zip
lift/raw/HQ2-9B.08,HQ2-9B.08,lift/raw,UIUC_τ⌐║µ░öσè¿σè¢σ¡ªµò░µì«/HQ2-9B.08,1701,cf74f3e6a4ab8701565b9a67a22c57656dec0ff8da155347ef060acbd01de556,byte-identical to official Stec8.zip
lift/raw/HQ2-9B.10,HQ2-9B.10,lift/raw,UIUC_τ⌐║µ░öσè¿σè¢σ¡ªµò░µì«/HQ2-9B.10,1704,ad26766978183e0a33641703928d3f8da525f12d407acd83ff7eb6e5803a3e80,byte-identical to official Stec8.zip
lift/raw/HQ2-9B.20T,HQ2-9B.20T,lift/raw,UIUC_τ⌐║µ░öσè¿σè¢σ¡ªµò░µì«/HQ2-9B.20T,1712,d39d839ef41abe7cb7fd6840f503c39bce51ef28b2fc77b4a65662931f7dc875,byte-identical to official Stec8.zip
lift/raw/MB253515.02,MB253515.02,lift/raw,UIUC_τ⌐║µ░öσè¿σè¢σ¡ªµò░µì«/MB253515.02,1833,c04fc9b1716adfe286a23efb1f0e8847a60d7c25f626643c99ef230ed09f273e,byte-identical to official Stec8.zip
lift/raw/MB253515.03,MB253515.03,lift/raw,UIUC_τ⌐║µ░öσè¿σè¢σ¡ªµò░µì«/MB253515.03,1833,2bfb5e26445692c15a79e18386095e43f89f3cb7b3366e2859d9b400b52e7385,byte-identical to official Stec8.zip
lift/raw/MB253515.04,MB253515.04,lift/raw,UIUC_τ⌐║µ░öσè¿σè¢σ¡ªµò░µì«/MB253515.04,1833,5c6ea8456b9e203a8709bc5125dc48cdf15f50c8b7a6b2425e5588d10656bb4e,byte-identical to official Stec8.zip
lift/raw/MB253515.05,MB253515.05,lift/raw,UIUC_τ⌐║µ░öσè¿σè¢σ¡ªµò░µì«/MB253515.05,1833,0933ffe8584330ce96cbd107efac3101f95f74f0fbb0c42de949df833bd97a38,byte-identical to official Stec8.zip
lift/raw/MB253515.06,MB253515.06,lift/raw,UIUC_τ⌐║µ░öσè¿σè¢σ¡ªµò░µì«/MB253515.06,1833,ae77dfdca948f743cf056baf1073f2ae15a5c83c3e967538bba373b12250754d,byte-identical to official Stec8.zip
lift/raw/MB253515.07,MB253515.07,lift/raw,UIUC_τ⌐║µ░öσè¿σè¢σ¡ªµò░µì«/MB253515.07,1833,8c962e7a9b27ec802515e6805e1bb8b6c56012cb88bc5e4e3c250ca20dd29200,byte-identical to official Stec8.zip
lift/raw/MB253515.08,MB253515.08,lift/raw,UIUC_τ⌐║µ░öσè¿σè¢σ¡ªµò░µì«/MB253515.08,1833,2a1394e4df21e342a64ba5c58bdf139e81a2438c090660659097c91b114de4f9,byte-identical to official Stec8.zip
lift/raw/MB253515.08R,MB253515.08R,lift/raw,UIUC_τ⌐║µ░öσè¿σè¢σ¡ªµò░µì«/MB253515.08R,1907,9cf0e7328891bad3be3ea45f9eff4ea68ffda9918e91fa1cd1601ae233f4f6d1,byte-identical to official Stec8.zip
lift/raw/MB253515.09,MB253515.09,lift/raw,UIUC_τ⌐║µ░öσè¿σè¢σ¡ªµò░µì«/MB253515.09,1833,be54d6b568ba9c7353613b2f174172e9379c836e19511a5e7e9be33c647ceb5c,byte-identical to official Stec8.zip
lift/raw/MB253515.10,MB253515.10,lift/raw,UIUC_τ⌐║µ░öσè¿σè¢σ¡ªµò░µì«/MB253515.10,1835,56549e9d6bc0347cfa5a7f88bebd037dddad1816d1caf858f56899e01eb87ed0,byte-identical to official Stec8.zip
lift/raw/MILEY.06,MILEY.06,lift/raw,UIUC_τ⌐║µ░öσè¿σè¢σ¡ªµò░µì«/MILEY.06,1010,87ba09055e7bf2a7313d7f576376dd0915aa4c6e8c8fd844c0b88c91e1e7166f,byte-identical to official Stec8.zip
lift/raw/MILEY.10,MILEY.10,lift/raw,UIUC_τ⌐║µ░öσè¿σè¢σ¡ªµò░µì«/MILEY.10,1012,f5a2254f04d615e6e50ce18b5da613255424821c8baf5dafe2feddd492ee38d1,byte-identical to official Stec8.zip
lift/raw/MILEY.20,MILEY.20,lift/raw,UIUC_τ⌐║µ░öσè¿σè¢σ¡ªµò░µì«/MILEY.20,1012,6b76d8ea501c5facc4a714ec1796d91365bcc2223dfc6bccec0f8fadc42d6bbf,byte-identical to official Stec8.zip
lift/raw/MILEY.30,MILEY.30,lift/raw,UIUC_τ⌐║µ░öσè¿σè¢σ¡ªµò░µì«/MILEY.30,172,efda913416d56b6f0b28b46a4dc05ea65b22491fb99597d42f43761b8a6da515,byte-identical to official Stec8.zip
lift/raw/NACA0009.04,NACA0009.04,lift/raw,UIUC_τ⌐║µ░öσè¿σè¢σ¡ªµò░µì«/NACA0009.04,1702,6e87841c85b57d82a28b338330a86488ae2dcc0a2431015cd86541377853785b,byte-identical to official Stec8.zip
lift/raw/NACA0009.06,NACA0009.06,lift/raw,UIUC_τ⌐║µ░öσè¿σè¢σ¡ªµò░µì«/NACA0009.06,1702,7ae3b04107b6a63f58737169ac0ecaf46eb2b1e8576c2c0248de23e439d5cc23,byte-identical to official Stec8.zip
lift/raw/NACA0009.08,NACA0009.08,lift/raw,UIUC_τ⌐║µ░öσè¿σè¢σ¡ªµò░µì«/NACA0009.08,1702,193db3cea6a9cc549ce665af77e8461978e10668922706a2714e324f2638987c,byte-identical to official Stec8.zip
lift/raw/NACA0009.10,NACA0009.10,lift/raw,UIUC_τ⌐║µ░öσè¿σè¢σ¡ªµò░µì«/NACA0009.10,1704,db5945af5e51ef98daba43330437855fe86f39b742086f73cbfd9888cda3db33,byte-identical to official Stec8.zip
lift/raw/NACA2411.06,NACA2411.06,lift/raw,UIUC_τ⌐║µ░öσè¿σè¢σ¡ªµò░µì«/NACA2411.06,1702,7c1f2960f19da62f252b09a5dee98058f6c5da3a3c8b12fd6166f4e767e37c84,byte-identical to official Stec8.zip
lift/raw/NACA2411.08,NACA2411.08,lift/raw,UIUC_τ⌐║µ░öσè¿σè¢σ¡ªµò░µì«/NACA2411.08,1702,7762fb1834a23f29662f1220d39e626fcfc7432cf6691e3f491b259647e94607,byte-identical to official Stec8.zip
lift/raw/NACA2411.10,NACA2411.10,lift/raw,UIUC_τ⌐║µ░öσè¿σè¢σ¡ªµò░µì«/NACA2411.10,1915,7199f56f5d84d3f1cbb559b5bf172522570525f725101774fc7f1c5e6c08c49a,byte-identical to official Stec8.zip
lift/raw/NACA64.06,NACA64.06,lift/raw,UIUC_τ⌐║µ░öσè¿σè¢σ¡ªµò░µì«/NACA64.06,1705,4b696bc33a7409ba96a7c756468def1e44851e0d9b2a6127f2aeeec01a4d884f,byte-identical to official Stec8.zip
lift/raw/NACA64.08,NACA64.08,lift/raw,UIUC_τ⌐║µ░öσè¿σè¢σ¡ªµò░µì«/NACA64.08,1705,c52af912052f4b5bb31e062682a1a09051be276221c8e938f6af25d3d34c52de,byte-identical to official Stec8.zip
lift/raw/NACA64.10,NACA64.10,lift/raw,UIUC_τ⌐║µ░öσè¿σè¢σ¡ªµò░µì«/NACA64.10,1708,882401c032fee29a282e43f52f9387ea824484679c7b0e2a232e0175926fa670,byte-identical to official Stec8.zip
lift/raw/NACA6409.04,NACA6409.04,lift/raw,UIUC_τ⌐║µ░öσè¿σè¢σ¡ªµò░µì«/NACA6409.04,1560,03cc23a7a0ad7d382497321fc9b64e496d42276019ab4dbf058aef8cbfe27152,byte-identical to official Stec8.zip
lift/raw/NACA6409.05,NACA6409.05,lift/raw,UIUC_τ⌐║µ░öσè¿σè¢σ¡ªµò░µì«/NACA6409.05,1560,4ff4b9ff5d4ac88f310bd2ccead68c7401db42e79fff9f0a12a9436597c6cd50,byte-identical to official Stec8.zip
lift/raw/NACA6409.06,NACA6409.06,lift/raw,UIUC_τ⌐║µ░öσè¿σè¢σ¡ªµò░µì«/NACA6409.06,1560,e40aa2b02b1fdb01dd2bbec58cc4a5376b6ef4871573a464be5828f7123259ba,byte-identical to official Stec8.zip
lift/raw/NACA6409.07,NACA6409.07,lift/raw,UIUC_τ⌐║µ░öσè¿σè¢σ¡ªµò░µì«/NACA6409.07,1560,8b8124c624bc14fc3b82aa2cc8cc38a0ee827841cde5a203726dbe0f33e98e12,byte-identical to official Stec8.zip
lift/raw/NACA6409.08,NACA6409.08,lift/raw,UIUC_τ⌐║µ░öσè¿σè¢σ¡ªµò░µì«/NACA6409.08,1560,c5587d164c2b968bbf5568671d1c71aa563d7b273e2a90fb3edda44b39d889ac,byte-identical to official Stec8.zip
lift/raw/RG15.06,RG15.06,lift/raw,UIUC_τ⌐║µ░öσè¿σè¢σ¡ªµò░µì«/RG15.06,1689,e2a59746fbae68086ddf821dacfd684e34a9dd0ac9a9be1a6b8ad3594b3acd33,byte-identical to official Stec8.zip
lift/raw/RG15.08,RG15.08,lift/raw,UIUC_τ⌐║µ░öσè¿σè¢σ¡ªµò░µì«/RG15.08,1689,dca469c06776affd27b52c82f9372c416720ddb39ad8ab04d86e19cb36f1a90a,byte-identical to official Stec8.zip
lift/raw/RG15.10,RG15.10,lift/raw,UIUC_τ⌐║µ░öσè¿σè¢σ¡ªµò░µì«/RG15.10,1692,fd1547598d18be2610e8d078e6ad4653195b38a8aee29280220a517f9fffd27b,byte-identical to official Stec8.zip
lift/raw/S2048.06,S2048.06,lift/raw,UIUC_τ⌐║µ░öσè¿σè¢σ¡ªµò░µì«/S2048.06,1694,89d489637c5ebed661182c3398a645b4813804f19874633bae786ce99e5a7b96,byte-identical to official Stec8.zip
lift/raw/S2048.08,S2048.08,lift/raw,UIUC_τ⌐║µ░öσè¿σè¢σ¡ªµò░µì«/S2048.08,1694,4461b11f0bb79c443e367d2f187470f23d7761fe9d8bd59af702f8e3e98e5f1d,byte-identical to official Stec8.zip
lift/raw/S2048.10,S2048.10,lift/raw,UIUC_τ⌐║µ░öσè¿σè¢σ¡ªµò░µì«/S2048.10,1907,429ec6924cf757322ffde7954dd192fdd5190c6e028e342a4b9dc726136aa16f,byte-identical to official Stec8.zip
lift/raw/S2091B.06,S2091B.06,lift/raw,UIUC_τ⌐║µ░öσè¿σè¢σ¡ªµò░µì«/S2091B.06,1919,c72fdea0c8d0cf23e9dfa955af574ea3e3347f9efe38196429b57ff9b4523970,byte-identical to official Stec8.zip
lift/raw/S2091B.08,S2091B.08,lift/raw,UIUC_τ⌐║µ░öσè¿σè¢σ¡ªµò░µì«/S2091B.08,1919,8a98667edc4e28c431230768923aaf50cf4e61c35406af84173856d5192d9e2b,byte-identical to official Stec8.zip
lift/raw/S2091B.10,S2091B.10,lift/raw,UIUC_τ⌐║µ░öσè¿σè¢σ¡ªµò░µì«/S2091B.10,1922,b9220879a45dd0aa44f9ab838498d97cd0fe0cc5813b9e51f6eaa7f1d091297c,byte-identical to official Stec8.zip
lift/raw/S2091B.20G,S2091B.20G,lift/raw,UIUC_τ⌐║µ░öσè¿σè¢σ¡ªµò░µì«/S2091B.20G,1720,624dbb44ea76818a706f6a2956709ce11adf4415b50461f1c3c3372ad10971fd,byte-identical to official Stec8.zip
lift/raw/S3010.06,S3010.06,lift/raw,UIUC_τ⌐║µ░öσè¿σè¢σ¡ªµò░µì«/S3010.06,1697,a42f8c872d74f4cba428b0a7236e637c0974d6818f4fad1c38c0634d881061e7,byte-identical to official Stec8.zip
lift/raw/S3010.08,S3010.08,lift/raw,UIUC_τ⌐║µ░öσè¿σè¢σ¡ªµò░µì«/S3010.08,1697,1ff3914c8253cc26eccf73ca5c7a8fa20e76ab91c138c4e68bbe47e2159dfade,byte-identical to official Stec8.zip
lift/raw/S3010.10,S3010.10,lift/raw,UIUC_τ⌐║µ░öσè¿σè¢σ¡ªµò░µì«/S3010.10,1700,664c9f75da04b93d85f82beff5d14523a365839d1ed784bc3d87776433027480,byte-identical to official Stec8.zip
lift/raw/S3014.06,S3014.06,lift/raw,UIUC_τ⌐║µ░öσè¿σè¢σ¡ªµò░µì«/S3014.06,1694,2a23a9b2c0110e74e3cae7fd0cb818fbe20fb569c9f5b6de82fd8857c555e3cf,byte-identical to official Stec8.zip
lift/raw/S3014.08,S3014.08,lift/raw,UIUC_τ⌐║µ░öσè¿σè¢σ¡ªµò░µì«/S3014.08,1694,c58bc822e46c53cb418be98fcdac69ea280f8c54babbf76a2b8a92058e458695,byte-identical to official Stec8.zip
lift/raw/S3014.10,S3014.10,lift/raw,UIUC_τ⌐║µ░öσè¿σè¢σ¡ªµò░µì«/S3014.10,1696,8320fcc2c608106f55e5a0255ad649c14a6a4da4bde61720241a9e8ee0e5e1fa,byte-identical to official Stec8.zip
lift/raw/S3021A.06,S3021A.06,lift/raw,UIUC_τ⌐║µ░öσè¿σè¢σ¡ªµò░µì«/S3021A.06,1699,1a32fabe360dbca567f6bd88830f237bfef4954f4406a89bb4c29f9700fca48a,byte-identical to official Stec8.zip
lift/raw/S3021A.08,S3021A.08,lift/raw,UIUC_τ⌐║µ░öσè¿σè¢σ¡ªµò░µì«/S3021A.08,1699,f93871337de8e9e7ec7d972ecd27093e3aad7bceefcc75b78fb141121edffb78,byte-identical to official Stec8.zip
lift/raw/S3021A.10,S3021A.10,lift/raw,UIUC_τ⌐║µ░öσè¿σè¢σ¡ªµò░µì«/S3021A.10,1702,8ccf97d09640f62defcdef46ce272fccb218634c72ee05dded5825d436af981f,byte-identical to official Stec8.zip
lift/raw/S4061B.06,S4061B.06,lift/raw,UIUC_τ⌐║µ░öσè¿σè¢σ¡ªµò░µì«/S4061B.06,1910,0de6c8b9e66bea94a990870e796ad106e23f846622045c2c06562fa10ec02ab7,byte-identical to official Stec8.zip
lift/raw/S4061B.08,S4061B.08,lift/raw,UIUC_τ⌐║µ░öσè¿σè¢σ¡ªµò░µì«/S4061B.08,1910,a4556aa7eaabffa89d6fa32ce19d2434c7c853bf874c4e0322cdb6c00a56a054,byte-identical to official Stec8.zip
lift/raw/S4061B.10,S4061B.10,lift/raw,UIUC_τ⌐║µ░öσè¿σè¢σ¡ªµò░µì«/S4061B.10,1912,ddb904d464414fada9bc90127a6268b4d33dced4ce878d7ef774695ba24ae82a,byte-identical to official Stec8.zip
lift/raw/S4233.06,S4233.06,lift/raw,UIUC_τ⌐║µ░öσè¿σè¢σ¡ªµò░µì«/S4233.06,1908,214f717efd458b60f0040fc0048a9df27222498cffb9bea8a4d9d8abcb69a3c5,byte-identical to official Stec8.zip
lift/raw/S4233.08,S4233.08,lift/raw,UIUC_τ⌐║µ░öσè¿σè¢σ¡ªµò░µì«/S4233.08,1908,607589ef2803b08cda3d58fb6b1fe687e06a92e280786c9c8f3e0df1da174992,byte-identical to official Stec8.zip
lift/raw/S4233.10,S4233.10,lift/raw,UIUC_τ⌐║µ░öσè¿σè¢σ¡ªµò░µì«/S4233.10,1701,a28c2041f397d1f2d636a901395d74c0e94b3096cb27d5f5a6edc1a7f48aed83,byte-identical to official Stec8.zip
lift/raw/S4233.10R,S4233.10R,lift/raw,UIUC_τ⌐║µ░öσè¿σè¢σ¡ªµò░µì«/S4233.10R,1912,28c13cd2d3e15eaed0d37308f9bf54e24ff59aea1e944ecc6b3ee9c67d6e9b99,byte-identical to official Stec8.zip
lift/raw/SD2030.06,SD2030.06,lift/raw,UIUC_τ⌐║µ░öσè¿σè¢σ¡ªµò░µì«/SD2030.06,1704,cd953da055d65e22c5dfaa0161543f3a11a849b34bb5e38d12d03dcba785abcc,byte-identical to official Stec8.zip
lift/raw/SD2030.08,SD2030.08,lift/raw,UIUC_τ⌐║µ░öσè¿σè¢σ¡ªµò░µì«/SD2030.08,1704,81d4d6c90487940c737a7d63b33c48b640e00b71669a09eae0bc3627e51aa736,byte-identical to official Stec8.zip
lift/raw/SD2030.10,SD2030.10,lift/raw,UIUC_τ⌐║µ░öσè¿σè¢σ¡ªµò░µì«/SD2030.10,1706,2fbc4fe099994f1f3a17e12c5da958a0e4508355c92978da8c60d95727843808,byte-identical to official Stec8.zip
lift/raw/SD5060.06,SD5060.06,lift/raw,UIUC_τ⌐║µ░öσè¿σè¢σ¡ªµò░µì«/SD5060.06,1696,279b87fc73b16252cd493009918e07eb636e01ca1f1a3840af0aa898910e8d60,byte-identical to official Stec8.zip
lift/raw/SD5060.08,SD5060.08,lift/raw,UIUC_τ⌐║µ░öσè¿σè¢σ¡ªµò░µì«/SD5060.08,1696,42a89230eb2b3af7e4a190e3422f09f4ba05d6f8259c438a52fee1e6a684347e,byte-identical to official Stec8.zip
lift/raw/SD5060.10,SD5060.10,lift/raw,UIUC_τ⌐║µ░öσè¿σè¢σ¡ªµò░µì«/SD5060.10,1699,d756dd6515feedfe43d74b11623fc2d42de1131cf7221ec4aab6dbd508c15f12,byte-identical to official Stec8.zip
lift/raw/SD6060.06,SD6060.06,lift/raw,UIUC_τ⌐║µ░öσè¿σè¢σ¡ªµò░µì«/SD6060.06,1695,2e3db7fb93e7a0570373415f7998949149737aaa65a2f6dbad8527778e738861,byte-identical to official Stec8.zip
lift/raw/SD6060.08,SD6060.08,lift/raw,UIUC_τ⌐║µ░öσè¿σè¢σ¡ªµò░µì«/SD6060.08,1695,98b525ef4248938538d8f6ee8ac7909af0bfb6a076b4285fda0df5b7818f4665,byte-identical to official Stec8.zip
lift/raw/SD6060.10,SD6060.10,lift/raw,UIUC_τ⌐║µ░öσè¿σè¢σ¡ªµò░µì«/SD6060.10,1697,7727723bf19a54c11fc0c9ab4e0bdc09603588677e6b1aa2cd59c51b477ac31a,byte-identical to official Stec8.zip
lift/raw/SD7003.06,SD7003.06,lift/raw,UIUC_τ⌐║µ░öσè¿σè¢σ¡ªµò░µì«/SD7003.06,1697,6461eb07519106b3308f92d58db8695fc64c4f9ddd51091a5a1c1b3016a6346d,byte-identical to official Stec8.zip
lift/raw/SD7003.08,SD7003.08,lift/raw,UIUC_τ⌐║µ░öσè¿σè¢σ¡ªµò░µì«/SD7003.08,1697,89da57be56fb3e585104d467b7fbff48182c44237fd1b51ec4e9c8d585f5babc,byte-identical to official Stec8.zip
lift/raw/SD7003.10,SD7003.10,lift/raw,UIUC_τ⌐║µ░öσè¿σè¢σ¡ªµò░µì«/SD7003.10,1700,69238c24a7a6039eb295cb08ef4dc098b7742cebc0b1c309d80eefea4a8d859d,byte-identical to official Stec8.zip
lift/raw/SD7032C.06,SD7032C.06,lift/raw,UIUC_τ⌐║µ░öσè¿σè¢σ¡ªµò░µì«/SD7032C.06,1711,607cbdf428a0e26d2ff284d21f2d4b20389762944dd5abca9b4851baa466c256,byte-identical to official Stec8.zip
lift/raw/SD7032C.08,SD7032C.08,lift/raw,UIUC_τ⌐║µ░öσè¿σè¢σ¡ªµò░µì«/SD7032C.08,1711,bd22f7a2f9d7c3543c358d6ea819facae31793acf84e258796089e779f03c028,byte-identical to official Stec8.zip
lift/raw/SD7032C.10,SD7032C.10,lift/raw,UIUC_τ⌐║µ░öσè¿σè¢σ¡ªµò░µì«/SD7032C.10,1714,5ce789511a6c192993d0c989d12e39ae0c88c2d7fc446853376a9f7349113d85,byte-identical to official Stec8.zip
lift/raw/SD7043.06,SD7043.06,lift/raw,UIUC_τ⌐║µ░öσè¿σè¢σ¡ªµò░µì«/SD7043.06,1704,abb13ac26fc9c53608a58d5950e8884c335fa48917be235f8b8c5f0eb293d19a,byte-identical to official Stec8.zip
lift/raw/SD7043.08,SD7043.08,lift/raw,UIUC_τ⌐║µ░öσè¿σè¢σ¡ªµò░µì«/SD7043.08,1704,cc5dbc746bb2dc1679d8ddc8c5b296d35a748d4e67949446a8c141cf72855451,byte-identical to official Stec8.zip
lift/raw/SD7043.10,SD7043.10,lift/raw,UIUC_τ⌐║µ░öσè¿σè¢σ¡ªµò░µì«/SD7043.10,1706,4d4d650e658d74c2affe3fa2daacb7df7a3ed2f96410c5a997a5b89c4d110e82,byte-identical to official Stec8.zip
lift/raw/SD7080.06,SD7080.06,lift/raw,UIUC_τ⌐║µ░öσè¿σè¢σ¡ªµò░µì«/SD7080.06,1698,da1765b2a4df0d3b6ee416afe7af48a34ef679ea852253453b2a089698928bb7,byte-identical to official Stec8.zip
lift/raw/SD7080.08,SD7080.08,lift/raw,UIUC_τ⌐║µ░öσè¿σè¢σ¡ªµò░µì«/SD7080.08,1908,48d8dd9632ec020504725a7b943fab0f0eae656761f8bce64f6751d9c4d98284,byte-identical to official Stec8.zip
lift/raw/SD7080.10,SD7080.10,lift/raw,UIUC_τ⌐║µ░öσè¿σè¢σ¡ªµò░µì«/SD7080.10,1911,84bc8afcedd0750b38bfa0b2d68c26532907cd03c7685fb54a3b93a2d92c6c1c,byte-identical to official Stec8.zip
lift/raw/SD7084.06,SD7084.06,lift/raw,UIUC_τ⌐║µ░öσè¿σè¢σ¡ªµò░µì«/SD7084.06,1697,3f041745167a558ed49a5a4b7e44fc0b55e631417d784133941cd94b657f0a01,byte-identical to official Stec8.zip
lift/raw/SD7084.08,SD7084.08,lift/raw,UIUC_τ⌐║µ░öσè¿σè¢σ¡ªµò░µì«/SD7084.08,1697,55882cbc644977fa1278601464cdb4081be1cc11d64d0765b7a1ef4bcc3dcc88,byte-identical to official Stec8.zip
lift/raw/SD7084.10,SD7084.10,lift/raw,UIUC_τ⌐║µ░öσè¿σè¢σ¡ªµò░µì«/SD7084.10,1700,168aff085f1c2d73279270a42a47e045d4000cbfcd2d023165c8eb0aefc4794f,byte-identical to official Stec8.zip
lift/raw/SD7084.10R,SD7084.10R,lift/raw,UIUC_τ⌐║µ░öσè¿σè¢σ¡ªµò░µì«/SD7084.10R,1701,a6179fe7e95547e52fad75db76ad9094054e71aeaba04037cfcf97af8be52f35,byte-identical to official Stec8.zip
lift/raw/SD7090.06,SD7090.06,lift/raw,UIUC_τ⌐║µ░öσè¿σè¢σ¡ªµò░µì«/SD7090.06,1698,30275a9db0d57a10cdf073751f6ce5c63310e57c0900c352a932b24852947e92,byte-identical to official Stec8.zip
lift/raw/SD7090.08,SD7090.08,lift/raw,UIUC_τ⌐║µ░öσè¿σè¢σ¡ªµò░µì«/SD7090.08,1698,ddd27d96f87e59d98feee77e5343806cab40c09354734f5039c2774397505f33,byte-identical to official Stec8.zip
lift/raw/SD7090.08R,SD7090.08R,lift/raw,UIUC_τ⌐║µ░öσè¿σè¢σ¡ªµò░µì«/SD7090.08R,1699,40b442eacdf3b081fe72aa276bc0e21c4d81e4b9326269963b9042f9f7fef5d0,byte-identical to official Stec8.zip
lift/raw/SD7090.10,SD7090.10,lift/raw,UIUC_τ⌐║µ░öσè¿σè¢σ¡ªµò░µì«/SD7090.10,1700,418b5897b2763432827ee95f284d4631e71968d6b6cea9d8a4fff8d4fe5577f5,byte-identical to official Stec8.zip
lift/raw/SD8000.06,SD8000.06,lift/raw,UIUC_τ⌐║µ░öσè¿σè¢σ¡ªµò░µì«/SD8000.06,1704,8f318e5bce6ff93fe44c4343d4ea93d736362f639f6c0697c41a4b28e172e797,byte-identical to official Stec8.zip
lift/raw/SD8000.08,SD8000.08,lift/raw,UIUC_τ⌐║µ░öσè¿σè¢σ¡ªµò░µì«/SD8000.08,1704,7e34a550097f1ead7eafb67484ee6edb661159c999c09127461d8731e243396d,byte-identical to official Stec8.zip
lift/raw/SD8000.10,SD8000.10,lift/raw,UIUC_τ⌐║µ░öσè¿σè¢σ¡ªµò░µì«/SD8000.10,1707,e77628c1423d4bded1d48081b871798ef0d5026dc9d6811a11db34cab15e6fd9,byte-identical to official Stec8.zip
lift/raw/SD8020.04,SD8020.04,lift/raw,UIUC_τ⌐║µ░öσè¿σè¢σ¡ªµò░µì«/SD8020.04,1703,3ac504249602d840547a84e1ad28d9bc9a52a16e4a4b3dc8525cee4174b1cd4b,byte-identical to official Stec8.zip
lift/raw/SD8020.06,SD8020.06,lift/raw,UIUC_τ⌐║µ░öσè¿σè¢σ¡ªµò░µì«/SD8020.06,1704,4c3a63eab76f7a8a877a9687855281246079ae61cbeb9b4d1f5cf95901a6a592,byte-identical to official Stec8.zip
lift/raw/SD8020.08,SD8020.08,lift/raw,UIUC_τ⌐║µ░öσè¿σè¢σ¡ªµò░µì«/SD8020.08,1704,cd36564dc1e7d56936e9b46963a0adf9c5f3bd4bd088e9be376f3e1fe00e6f15,byte-identical to official Stec8.zip
lift/raw/SD8020.10,SD8020.10,lift/raw,UIUC_τ⌐║µ░öσè¿σè¢σ¡ªµò░µì«/SD8020.10,1707,44ec4af288bda29a96ec9c0c3fd1bdcf18ce7f8935209de98233bb430b84f00d,byte-identical to official Stec8.zip
lift/raw/SPICA.08,SPICA.08,lift/raw,UIUC_τ⌐║µ░öσè¿σè¢σ¡ªµò░µì«/SPICA.08,2048,f541eac4878a1493e13c783c0f93506bbb31f321de83ebb0d412471176a929ee,byte-identical to official Stec8.zip
lift/raw/SPICA.10,SPICA.10,lift/raw,UIUC_τ⌐║µ░öσè¿σè¢σ¡ªµò░µì«/SPICA.10,2050,eb65df41500875071f1ff5e4126ecf6ffeb65e201ab61510a0900697d666497f,byte-identical to official Stec8.zip
lift/raw/SPICA.15,SPICA.15,lift/raw,UIUC_τ⌐║µ░öσè¿σè¢σ¡ªµò░µì«/SPICA.15,1911,42549799fa79741e31ff88927bd8f992bfd2afc56d114fd67e844f47d4fb06a1,byte-identical to official Stec8.zip
lift/raw/WB135-35.04,WB135-35.04,lift/raw,UIUC_τ⌐║µ░öσè¿σè¢σ¡ªµò░µì«/WB135-35.04,1632,9805eb7debe7cc8851e9701b33c96016578c346e8b8a6895499fc3ae92210f6a,byte-identical to official Stec8.zip
lift/raw/WB135-35.06,WB135-35.06,lift/raw,UIUC_τ⌐║µ░öσè¿σè¢σ¡ªµò░µì«/WB135-35.06,1632,048a4a7c55e9b8131ac8e6a9f675dd106abb63766680574df076181ccb9c2355,byte-identical to official Stec8.zip
lift/raw/WB135-35.08,WB135-35.08,lift/raw,UIUC_τ⌐║µ░öσè¿σè¢σ¡ªµò░µì«/WB135-35.08,1632,0e64524d099fd40979b303dd9ca59250a07532f1f4090407ed07e0cce08ff767,byte-identical to official Stec8.zip
lift/raw/WB135-35.10,WB135-35.10,lift/raw,UIUC_τ⌐║µ░öσè¿σè¢σ¡ªµò░µì«/WB135-35.10,1633,cbf444b833912ef90411445be7eda0ded9ce5c00f7e26ba8aa57fc3671a7be14,byte-identical to official Stec8.zip
lift/supplied_csv/AQUILA_Re06.csv,AQUILA_Re06.csv,lift/supplied_csv,UIUC_τ⌐║µ░öσè¿σè¢σ¡ªµò░µì«/CSV_data/AQUILA_Re06.csv,1836,8ceca7f5ec65faa527ccef8412240a0d7b08ebac90dc12e29cf3d3e9e62e48d9,supplied CSV; numerical equivalence checked against raw lift files
lift/supplied_csv/AQUILA_Re08.csv,AQUILA_Re08.csv,lift/supplied_csv,UIUC_τ⌐║µ░öσè¿σè¢σ¡ªµò░µì«/CSV_data/AQUILA_Re08.csv,1835,4c6dff7a811c062477a41d5ad0caa59f2c638477ec284c36ea82d13b025d1c2f,supplied CSV; numerical equivalence checked against raw lift files
lift/supplied_csv/AQUILA_Re10.csv,AQUILA_Re10.csv,lift/supplied_csv,UIUC_τ⌐║µ░öσè¿σè¢σ¡ªµò░µì«/CSV_data/AQUILA_Re10.csv,1835,7eb836e85661c9519776a583cfd173ed727861858386017d7e3e191a09c51564,supplied CSV; numerical equivalence checked against raw lift files
lift/supplied_csv/CLARK-Y_Re06.csv,CLARK-Y_Re06.csv,lift/supplied_csv,UIUC_τ⌐║µ░öσè¿σè¢σ¡ªµò░µì«/CSV_data/CLARK-Y_Re06.csv,1625,c9e614f90a839c0d6ee2216b43ec88a333762851f7aa3e4e7b7079888d6555f0,supplied CSV; numerical equivalence checked against raw lift files
lift/supplied_csv/CLARK-Y_Re08.csv,CLARK-Y_Re08.csv,lift/supplied_csv,UIUC_τ⌐║µ░öσè¿σè¢σ¡ªµò░µì«/CSV_data/CLARK-Y_Re08.csv,1623,a5e0f97c1c780f807a5a83e2800f6bb1661a2837a63b624172263ae8b6facb81,supplied CSV; numerical equivalence checked against raw lift files
lift/supplied_csv/CLARK-Y_Re10.csv,CLARK-Y_Re10.csv,lift/supplied_csv,UIUC_τ⌐║µ░öσè¿σè¢σ¡ªµò░µì«/CSV_data/CLARK-Y_Re10.csv,1622,b4df16f97a97c29bcaecbcabfd4103773714e87f1aa7db77638114355f2a718d,supplied CSV; numerical equivalence checked against raw lift files
lift/supplied_csv/DAE51_Re06.csv,DAE51_Re06.csv,lift/supplied_csv,UIUC_τ⌐║µ░öσè¿σè¢σ¡ªµò░µì«/CSV_data/DAE51_Re06.csv,1622,c549baa7560defccc1df2f3b09869bdeaa9c9adbd70773918bfcb9f79cbd2bdf,supplied CSV; numerical equivalence checked against raw lift files
lift/supplied_csv/DAE51_Re08.csv,DAE51_Re08.csv,lift/supplied_csv,UIUC_τ⌐║µ░öσè¿σè¢σ¡ªµò░µì«/CSV_data/DAE51_Re08.csv,1619,797632f563881f0bd4a74b0f07728e511a0b0593d4043e02b11f6193551aaade,supplied CSV; numerical equivalence checked against raw lift files
lift/supplied_csv/DAE51_Re10.csv,DAE51_Re10.csv,lift/supplied_csv,UIUC_τ⌐║µ░öσè¿σè¢σ¡ªµò░µì«/CSV_data/DAE51_Re10.csv,1617,86c25c12898187f60ebb6e06fcc13ed4c974923fc1b5cff0d3dc33dc745183c0,supplied CSV; numerical equivalence checked against raw lift files
lift/supplied_csv/E205B_Re06.csv,E205B_Re06.csv,lift/supplied_csv,UIUC_τ⌐║µ░öσè¿σè¢σ¡ªµò░µì«/CSV_data/E205B_Re06.csv,1692,eb20f6a594893ed62a75dbec2378aebfd6c9d60c3a4e6464cbc008f3bd298c09,supplied CSV; numerical equivalence checked against raw lift files
lift/supplied_csv/E205B_Re08.csv,E205B_Re08.csv,lift/supplied_csv,UIUC_τ⌐║µ░öσè¿σè¢σ¡ªµò░µì«/CSV_data/E205B_Re08.csv,1689,710da25d37b810f75dc7eb7f8d58bfa27b22cbfea5526c073a997081e4230c14,supplied CSV; numerical equivalence checked against raw lift files
lift/supplied_csv/E205B_Re10.csv,E205B_Re10.csv,lift/supplied_csv,UIUC_τ⌐║µ░öσè¿σè¢σ¡ªµò░µì«/CSV_data/E205B_Re10.csv,1688,4a998d0fd69b5674038056bc66c692b53307bfd328181c8b3ba505668ea9c428,supplied CSV; numerical equivalence checked against raw lift files
lift/supplied_csv/E214CF0_Re06.csv,E214CF0_Re06.csv,lift/supplied_csv,UIUC_τ⌐║µ░öσè¿σè¢σ¡ªµò░µì«/CSV_data/E214CF0_Re06.csv,1545,c410797909fd7d8b4638074e26b19954b141a44c32d2286c897fcc1e87d5462e,supplied CSV; numerical equivalence checked against raw lift files
lift/supplied_csv/E214CF0_Re08.csv,E214CF0_Re08.csv,lift/supplied_csv,UIUC_τ⌐║µ░öσè¿σè¢σ¡ªµò░µì«/CSV_data/E214CF0_Re08.csv,1544,47772ed579aa77fa9ae47c43659050f7675a2a6ac0dfeab1b7d4f0912e72979c,supplied CSV; numerical equivalence checked against raw lift files
lift/supplied_csv/E214CF0_Re10.csv,E214CF0_Re10.csv,lift/supplied_csv,UIUC_τ⌐║µ░öσè¿σè¢σ¡ªµò░µì«/CSV_data/E214CF0_Re10.csv,1542,4141cdac52a619571ecd54b3224094067cbf6b95c197e7a347d27e36c7488608,supplied CSV; numerical equivalence checked against raw lift files
lift/supplied_csv/E374C_Re06.csv,E374C_Re06.csv,lift/supplied_csv,UIUC_τ⌐║µ░öσè¿σè¢σ¡ªµò░µì«/CSV_data/E374C_Re06.csv,1849,e7f95d0bd7e33c0229421ce6fa5db9d8775709bb5dd0f2492323761099572c91,supplied CSV; numerical equivalence checked against raw lift files
lift/supplied_csv/E374C_Re08.csv,E374C_Re08.csv,lift/supplied_csv,UIUC_τ⌐║µ░öσè¿σè¢σ¡ªµò░µì«/CSV_data/E374C_Re08.csv,1846,3a40dc9bd55f78276d0c66c1c0958b5b2b8e2e405d228aa73688b8789f0a2111,supplied CSV; numerical equivalence checked against raw lift files
lift/supplied_csv/E374C_Re10.csv,E374C_Re10.csv,lift/supplied_csv,UIUC_τ⌐║µ░öσè¿σè¢σ¡ªµò░µì«/CSV_data/E374C_Re10.csv,1843,0aba0a66d1b5a248258e7f90c8a1184392ba8eb5798f037704bc5f9f2917f1dd,supplied CSV; numerical equivalence checked against raw lift files
lift/supplied_csv/E387A_Re06.csv,E387A_Re06.csv,lift/supplied_csv,UIUC_τ⌐║µ░öσè¿σè¢σ¡ªµò░µì«/CSV_data/E387A_Re06.csv,1628,908313a8e21a1c8a3690ccd81673974bc0b9dd4afeec7f80d52e48c96c217c7c,supplied CSV; numerical equivalence checked against raw lift files
lift/supplied_csv/E387A_Re08.csv,E387A_Re08.csv,lift/supplied_csv,UIUC_τ⌐║µ░öσè¿σè¢σ¡ªµò░µì«/CSV_data/E387A_Re08.csv,1626,2fb22017d630887a549173c21bfd2aad2f930ae0929e6025d3edb09f9d41a403,supplied CSV; numerical equivalence checked against raw lift files
lift/supplied_csv/E387A_Re10.csv,E387A_Re10.csv,lift/supplied_csv,UIUC_τ⌐║µ░öσè¿σè¢σ¡ªµò░µì«/CSV_data/E387A_Re10.csv,1624,6b31e24f683441f3ddf89ebdfb3cd9660bfb9f56281dd04003d940d070065953,supplied CSV; numerical equivalence checked against raw lift files
lift/supplied_csv/FP_Re10.csv,FP_Re10.csv,lift/supplied_csv,UIUC_τ⌐║µ░öσè¿σè¢σ¡ªµò░µì«/CSV_data/FP_Re10.csv,1636,86c1aa17c18ce30dccbed8562881e5cbcf09fef945cb260e581433a8e536f472,supplied CSV; numerical equivalence checked against raw lift files
lift/supplied_csv/FX63-137_Re06.csv,FX63-137_Re06.csv,lift/supplied_csv,UIUC_τ⌐║µ░öσè¿σè¢σ¡ªµò░µì«/CSV_data/FX63-137_Re06.csv,963,657da8ca09bc60558027f12660672ad5e8f8c6da74d901126756f95fd1d5b25e,supplied CSV; numerical equivalence checked against raw lift files
lift/supplied_csv/FX63-137_Re10.csv,FX63-137_Re10.csv,lift/supplied_csv,UIUC_τ⌐║µ░öσè¿σè¢σ¡ªµò░µì«/CSV_data/FX63-137_Re10.csv,961,f7c31120320a31069054d87873d8a2b83bae7b93aa4e93f2ba98fdd9fe80f4c4,supplied CSV; numerical equivalence checked against raw lift files
lift/supplied_csv/HQ2-9A_Re06.csv,HQ2-9A_Re06.csv,lift/supplied_csv,UIUC_τ⌐║µ░öσè¿σè¢σ¡ªµò░µì«/CSV_data/HQ2-9A_Re06.csv,1921,2c7763c6a6acef0cf6043b2f9a70a3a4e299e04083d18bca07184a1d551d2aa3,supplied CSV; numerical equivalence checked against raw lift files
lift/supplied_csv/HQ2-9A_Re10.csv,HQ2-9A_Re10.csv,lift/supplied_csv,UIUC_τ⌐║µ░öσè¿σè¢σ¡ªµò░µì«/CSV_data/HQ2-9A_Re10.csv,864,8b0347c1c5521a6150dce786892771a0764a8c02d80615b28e58dbbde0c754f3,supplied CSV; numerical equivalence checked against raw lift files
lift/supplied_csv/HQ2-9B_Re06.csv,HQ2-9B_Re06.csv,lift/supplied_csv,UIUC_τ⌐║µ░öσè¿σè¢σ¡ªµò░µì«/CSV_data/HQ2-9B_Re06.csv,1632,02a779e7d2989bcb195bd5c510384d14c91a09176b1f9611417292c68a97a806,supplied CSV; numerical equivalence checked against raw lift files
lift/supplied_csv/HQ2-9B_Re08.csv,HQ2-9B_Re08.csv,lift/supplied_csv,UIUC_τ⌐║µ░öσè¿σè¢σ¡ªµò░µì«/CSV_data/HQ2-9B_Re08.csv,1632,661b88c3e3314f0207ee52d4a2d2f6615fd73b8519547747d7b5ef6cdd27409e,supplied CSV; numerical equivalence checked against raw lift files
lift/supplied_csv/HQ2-9B_Re10.csv,HQ2-9B_Re10.csv,lift/supplied_csv,UIUC_τ⌐║µ░öσè¿σè¢σ¡ªµò░µì«/CSV_data/HQ2-9B_Re10.csv,1630,58555d268c0d7a88c46d978beae64d8105f11773eca0fbe730536af9658bd47f,supplied CSV; numerical equivalence checked against raw lift files
lift/supplied_csv/MB253515_Re06.csv,MB253515_Re06.csv,lift/supplied_csv,UIUC_τ⌐║µ░öσè¿σè¢σ¡ªµò░µì«/CSV_data/MB253515_Re06.csv,1775,201c9dc24f4cad4579ff06d8aa05f65764f3ebf50d0003286487556a7580b955,supplied CSV; numerical equivalence checked against raw lift files
lift/supplied_csv/MB253515_Re08.csv,MB253515_Re08.csv,lift/supplied_csv,UIUC_τ⌐║µ░öσè¿σè¢σ¡ªµò░µì«/CSV_data/MB253515_Re08.csv,1773,5e8b4554650adf645c293b8f0987a34bba15b191d4ec69abc803c6ab79b61ba1,supplied CSV; numerical equivalence checked against raw lift files
lift/supplied_csv/MB253515_Re10.csv,MB253515_Re10.csv,lift/supplied_csv,UIUC_τ⌐║µ░öσè¿σè¢σ¡ªµò░µì«/CSV_data/MB253515_Re10.csv,1774,6b82638eb9d7c2c8cda9a38758d501d6644fb8421c19b4dcf3874aab764a5f0d,supplied CSV; numerical equivalence checked against raw lift files
lift/supplied_csv/MILEY_Re06.csv,MILEY_Re06.csv,lift/supplied_csv,UIUC_τ⌐║µ░öσè¿σè¢σ¡ªµò░µì«/CSV_data/MILEY_Re06.csv,963,49160083e4b11cd3e7949c31dc241b8975f32c8a1dd5d31ed43a06a99dd2e029,supplied CSV; numerical equivalence checked against raw lift files
lift/supplied_csv/MILEY_Re10.csv,MILEY_Re10.csv,lift/supplied_csv,UIUC_τ⌐║µ░öσè¿σè¢σ¡ªµò░µì«/CSV_data/MILEY_Re10.csv,965,6413699a6273d8abd198911aba820dcfa657f2000d1185e4430b051e13eb53a2,supplied CSV; numerical equivalence checked against raw lift files
lift/supplied_csv/NACA0009_Re06.csv,NACA0009_Re06.csv,lift/supplied_csv,UIUC_τ⌐║µ░öσè¿σè¢σ¡ªµò░µì«/CSV_data/NACA0009_Re06.csv,1639,f224d2e9e96635737266d7e8f9ffc726948537463aef47b0a7d6442161112137,supplied CSV; numerical equivalence checked against raw lift files
lift/supplied_csv/NACA0009_Re08.csv,NACA0009_Re08.csv,lift/supplied_csv,UIUC_τ⌐║µ░öσè¿σè¢σ¡ªµò░µì«/CSV_data/NACA0009_Re08.csv,1638,8e36638524573606e1d03bd92fbd22271605b670841728b2b7ff665cac616f30,supplied CSV; numerical equivalence checked against raw lift files
lift/supplied_csv/NACA0009_Re10.csv,NACA0009_Re10.csv,lift/supplied_csv,UIUC_τ⌐║µ░öσè¿σè¢σ¡ªµò░µì«/CSV_data/NACA0009_Re10.csv,1640,f54245bc7224b450f050d790319931ffed52f650fe883bc9d68d498a55b5b134,supplied CSV; numerical equivalence checked against raw lift files
lift/supplied_csv/NACA2411_Re06.csv,NACA2411_Re06.csv,lift/supplied_csv,UIUC_τ⌐║µ░öσè¿σè¢σ¡ªµò░µì«/CSV_data/NACA2411_Re06.csv,1632,c2e30f25ca5edbddf72aac49229e6c1cc246cd69be2cc2cf0e889d3fc2316597,supplied CSV; numerical equivalence checked against raw lift files
lift/supplied_csv/NACA2411_Re08.csv,NACA2411_Re08.csv,lift/supplied_csv,UIUC_τ⌐║µ░öσè¿σè¢σ¡ªµò░µì«/CSV_data/NACA2411_Re08.csv,1630,fda9ad09dc382a0e3dae87967181ca2cbe904cfc0f57b4839adfb163804c05a5,supplied CSV; numerical equivalence checked against raw lift files
lift/supplied_csv/NACA2411_Re10.csv,NACA2411_Re10.csv,lift/supplied_csv,UIUC_τ⌐║µ░öσè¿σè¢σ¡ªµò░µì«/CSV_data/NACA2411_Re10.csv,1845,533a75a372fc2c366fd50dc1a032b83976b5090b15bda703229ad6d8fc89a5c8,supplied CSV; numerical equivalence checked against raw lift files
lift/supplied_csv/NACA6409_Re06.csv,NACA6409_Re06.csv,lift/supplied_csv,UIUC_τ⌐║µ░öσè¿σè¢σ¡ªµò░µì«/CSV_data/NACA6409_Re06.csv,1470,d95bc251aa852a15065c60c85220f10b0e1428e0867176e12027dc65913296de,supplied CSV; numerical equivalence checked against raw lift files
lift/supplied_csv/NACA6409_Re08.csv,NACA6409_Re08.csv,lift/supplied_csv,UIUC_τ⌐║µ░öσè¿σè¢σ¡ªµò░µì«/CSV_data/NACA6409_Re08.csv,1468,bd26bded8fd6d2417ddd93e40a6df58e236a07898e2f11bbadd96651fa4ee0c7,supplied CSV; numerical equivalence checked against raw lift files
lift/supplied_csv/NACA64_Re06.csv,NACA64_Re06.csv,lift/supplied_csv,UIUC_τ⌐║µ░öσè¿σè¢σ¡ªµò░µì«/CSV_data/NACA64_Re06.csv,1636,c0341446a14802149f4498ed806fd8189a84c5e4608b9ba4722169da9a34576b,supplied CSV; numerical equivalence checked against raw lift files
lift/supplied_csv/NACA64_Re08.csv,NACA64_Re08.csv,lift/supplied_csv,UIUC_τ⌐║µ░öσè¿σè¢σ¡ªµò░µì«/CSV_data/NACA64_Re08.csv,1636,0bba84bcfe0d762ec823b2ae25887ce33c562530f209ac524a018f350692f49e,supplied CSV; numerical equivalence checked against raw lift files
lift/supplied_csv/NACA64_Re10.csv,NACA64_Re10.csv,lift/supplied_csv,UIUC_τ⌐║µ░öσè¿σè¢σ¡ªµò░µì«/CSV_data/NACA64_Re10.csv,1639,10321cc9eb8a269f52340c4fa16f8a369b5b65189e4c8d3c62ca9b6c81856a83,supplied CSV; numerical equivalence checked against raw lift files
lift/supplied_csv/RG15_Re06.csv,RG15_Re06.csv,lift/supplied_csv,UIUC_τ⌐║µ░öσè¿σè¢σ¡ªµò░µì«/CSV_data/RG15_Re06.csv,1635,2c2810fff7d2ab6a857f7bb3b279d879d2bc4c87de817226fd45e112e33936bd,supplied CSV; numerical equivalence checked against raw lift files
lift/supplied_csv/RG15_Re08.csv,RG15_Re08.csv,lift/supplied_csv,UIUC_τ⌐║µ░öσè¿σè¢σ¡ªµò░µì«/CSV_data/RG15_Re08.csv,1635,664bd9aae350543ca868e70b7d86ca4591eaaf75c4c1953cb0e73b24e8c17edb,supplied CSV; numerical equivalence checked against raw lift files
lift/supplied_csv/RG15_Re10.csv,RG15_Re10.csv,lift/supplied_csv,UIUC_τ⌐║µ░öσè¿σè¢σ¡ªµò░µì«/CSV_data/RG15_Re10.csv,1633,93de9af6b44312599984e89deac2cb46407ad95f365284d601e96d755c05dea3,supplied CSV; numerical equivalence checked against raw lift files
lift/supplied_csv/S2048_Re06.csv,S2048_Re06.csv,lift/supplied_csv,UIUC_τ⌐║µ░öσè¿σè¢σ¡ªµò░µì«/CSV_data/S2048_Re06.csv,1630,1adcf4808216702507061cd09307c6775e89bae68f8f8a898b6d2b007cc9cdf5,supplied CSV; numerical equivalence checked against raw lift files
lift/supplied_csv/S2048_Re08.csv,S2048_Re08.csv,lift/supplied_csv,UIUC_τ⌐║µ░öσè¿σè¢σ¡ªµò░µì«/CSV_data/S2048_Re08.csv,1629,8752f627433549c6233fef54bfb5567184ccc22794fddb22108d511933d2a0d0,supplied CSV; numerical equivalence checked against raw lift files
lift/supplied_csv/S2048_Re10.csv,S2048_Re10.csv,lift/supplied_csv,UIUC_τ⌐║µ░öσè¿σè¢σ¡ªµò░µì«/CSV_data/S2048_Re10.csv,1848,caff29bdd9adccd8dbe8c60823c36ca20f0649a32fbf32eb1b39d168ba4b8d41,supplied CSV; numerical equivalence checked against raw lift files
lift/supplied_csv/S2091B_Re06.csv,S2091B_Re06.csv,lift/supplied_csv,UIUC_τ⌐║µ░öσè¿σè¢σ¡ªµò░µì«/CSV_data/S2091B_Re06.csv,1838,f5a06a1e5ddee318bae1e58a97fff1725c9541bd25ae60d9d2a379d2f91a05c3,supplied CSV; numerical equivalence checked against raw lift files
lift/supplied_csv/S2091B_Re08.csv,S2091B_Re08.csv,lift/supplied_csv,UIUC_τ⌐║µ░öσè¿σè¢σ¡ªµò░µì«/CSV_data/S2091B_Re08.csv,1836,8e151b715d515536fb83ebd1addf6f0e9fc9426edc240c0a62502095cda24d26,supplied CSV; numerical equivalence checked against raw lift files
lift/supplied_csv/S2091B_Re10.csv,S2091B_Re10.csv,lift/supplied_csv,UIUC_τ⌐║µ░öσè¿σè¢σ¡ªµò░µì«/CSV_data/S2091B_Re10.csv,1834,8aa3ded75f78c4478fe8085dad7957499122f966948dc7b34e59501795c4bbcb,supplied CSV; numerical equivalence checked against raw lift files
lift/supplied_csv/S3010_Re06.csv,S3010_Re06.csv,lift/supplied_csv,UIUC_τ⌐║µ░öσè¿σè¢σ¡ªµò░µì«/CSV_data/S3010_Re06.csv,1625,e047d1f05630a31995f0d8832ee572178e8ebd126cd7cdc6f7f8dccb62d5c839,supplied CSV; numerical equivalence checked against raw lift files
lift/supplied_csv/S3010_Re08.csv,S3010_Re08.csv,lift/supplied_csv,UIUC_τ⌐║µ░öσè¿σè¢σ¡ªµò░µì«/CSV_data/S3010_Re08.csv,1624,2e8b293311dcd9305a6cab23f709d025905a578010400a32fd666503ceebb814,supplied CSV; numerical equivalence checked against raw lift files
lift/supplied_csv/S3010_Re10.csv,S3010_Re10.csv,lift/supplied_csv,UIUC_τ⌐║µ░öσè¿σè¢σ¡ªµò░µì«/CSV_data/S3010_Re10.csv,1622,831204dfe4294e3e7ef982ca9bc002c69a30d2d71d64f840fe72fd67ce32834e,supplied CSV; numerical equivalence checked against raw lift files
lift/supplied_csv/S3014_Re06.csv,S3014_Re06.csv,lift/supplied_csv,UIUC_τ⌐║µ░öσè¿σè¢σ¡ªµò░µì«/CSV_data/S3014_Re06.csv,1628,4050b8c00819374b2463e2af911ed75c5a47903897aa743f2faee3ec9be7b613,supplied CSV; numerical equivalence checked against raw lift files
lift/supplied_csv/S3014_Re08.csv,S3014_Re08.csv,lift/supplied_csv,UIUC_τ⌐║µ░öσè¿σè¢σ¡ªµò░µì«/CSV_data/S3014_Re08.csv,1625,1baa499cff400b00e05d40d8d127132d461b7ba590a2b6d7797ad1876ccab30d,supplied CSV; numerical equivalence checked against raw lift files
lift/supplied_csv/S3014_Re10.csv,S3014_Re10.csv,lift/supplied_csv,UIUC_τ⌐║µ░öσè¿σè¢σ¡ªµò░µì«/CSV_data/S3014_Re10.csv,1624,c0605b52cdcd8537279d82ac755351fa314d2e0178ea601c1f22329940f17373,supplied CSV; numerical equivalence checked against raw lift files
lift/supplied_csv/S3021A_Re06.csv,S3021A_Re06.csv,lift/supplied_csv,UIUC_τ⌐║µ░öσè¿σè¢σ¡ªµò░µì«/CSV_data/S3021A_Re06.csv,1630,532c754b75ea4b9828c610ba363d487275aec7580f318dafcb7e343d7c2314ec,supplied CSV; numerical equivalence checked against raw lift files
lift/supplied_csv/S3021A_Re08.csv,S3021A_Re08.csv,lift/supplied_csv,UIUC_τ⌐║µ░öσè¿σè¢σ¡ªµò░µì«/CSV_data/S3021A_Re08.csv,1629,7bb4765b9d77fbdef77b691169ff686742f927673a5bb185da3790453613c67b,supplied CSV; numerical equivalence checked against raw lift files
lift/supplied_csv/S3021A_Re10.csv,S3021A_Re10.csv,lift/supplied_csv,UIUC_τ⌐║µ░öσè¿σè¢σ¡ªµò░µì«/CSV_data/S3021A_Re10.csv,1627,51e13db5a3cb678832c0df2bb84ee5831db3dcbfbba742bf92c4b4ab7ba879ec,supplied CSV; numerical equivalence checked against raw lift files
lift/supplied_csv/S4061B_Re06.csv,S4061B_Re06.csv,lift/supplied_csv,UIUC_τ⌐║µ░öσè¿σè¢σ¡ªµò░µì«/CSV_data/S4061B_Re06.csv,1844,ce152d6061f4ae96dc04ba1066c7e3c983af2f4744f6d82d954d831968de4977,supplied CSV; numerical equivalence checked against raw lift files
lift/supplied_csv/S4061B_Re08.csv,S4061B_Re08.csv,lift/supplied_csv,UIUC_τ⌐║µ░öσè¿σè¢σ¡ªµò░µì«/CSV_data/S4061B_Re08.csv,1841,ad2644c87eaf9688d48319516de1705e930dac80f2372483cd8fdf567aaaf6be,supplied CSV; numerical equivalence checked against raw lift files
lift/supplied_csv/S4061B_Re10.csv,S4061B_Re10.csv,lift/supplied_csv,UIUC_τ⌐║µ░öσè¿σè¢σ¡ªµò░µì«/CSV_data/S4061B_Re10.csv,1838,d3604d025692517c4238ab3d58be0d29d25c81ad57a485feef36b8195d182215,supplied CSV; numerical equivalence checked against raw lift files
lift/supplied_csv/S4233_Re06.csv,S4233_Re06.csv,lift/supplied_csv,UIUC_τ⌐║µ░öσè¿σè¢σ¡ªµò░µì«/CSV_data/S4233_Re06.csv,1846,1d3eb7988f4335cf61fd330b7518e8c5c61f1538a2a4a5c9b5a3273b2e366b7d,supplied CSV; numerical equivalence checked against raw lift files
lift/supplied_csv/S4233_Re08.csv,S4233_Re08.csv,lift/supplied_csv,UIUC_τ⌐║µ░öσè¿σè¢σ¡ªµò░µì«/CSV_data/S4233_Re08.csv,1839,0b83e2ce47c553e07705f680aa556cdc71f6b776cc1ff2964f2e31691b005986,supplied CSV; numerical equivalence checked against raw lift files
lift/supplied_csv/S4233_Re10.csv,S4233_Re10.csv,lift/supplied_csv,UIUC_τ⌐║µ░öσè¿σè¢σ¡ªµò░µì«/CSV_data/S4233_Re10.csv,1622,48bc75585f12d62cdc9e295f69ed0f314999a2aaeb21f2eb9df7759e9ca7bd9f,supplied CSV; numerical equivalence checked against raw lift files
lift/supplied_csv/SD2030_Re06.csv,SD2030_Re06.csv,lift/supplied_csv,UIUC_τ⌐║µ░öσè¿σè¢σ¡ªµò░µì«/CSV_data/SD2030_Re06.csv,1628,1c1afb88eedd6eb5c798227eb1ca369f27ec3718b20200b9e233bdd6ae4ea5ea,supplied CSV; numerical equivalence checked against raw lift files
lift/supplied_csv/SD2030_Re08.csv,SD2030_Re08.csv,lift/supplied_csv,UIUC_τ⌐║µ░öσè¿σè¢σ¡ªµò░µì«/CSV_data/SD2030_Re08.csv,1629,267451bfa22c4197cfbf9a1d8fac8d0d5ddab5a2ef7535a17d0edba2720b17ce,supplied CSV; numerical equivalence checked against raw lift files
lift/supplied_csv/SD2030_Re10.csv,SD2030_Re10.csv,lift/supplied_csv,UIUC_τ⌐║µ░öσè¿σè¢σ¡ªµò░µì«/CSV_data/SD2030_Re10.csv,1628,a488cf90a23929e87bc54e5f73766f109d10edff2c33eed201a3b96cdcce8f3f,supplied CSV; numerical equivalence checked against raw lift files
lift/supplied_csv/SD5060_Re06.csv,SD5060_Re06.csv,lift/supplied_csv,UIUC_τ⌐║µ░öσè¿σè¢σ¡ªµò░µì«/CSV_data/SD5060_Re06.csv,1635,2f57f8eda817d501f4ffb1918cc74ef945e5a0edc6dd119bb8ea234815b4991b,supplied CSV; numerical equivalence checked against raw lift files
lift/supplied_csv/SD5060_Re08.csv,SD5060_Re08.csv,lift/supplied_csv,UIUC_τ⌐║µ░öσè¿σè¢σ¡ªµò░µì«/CSV_data/SD5060_Re08.csv,1632,7cb2a748761b355c5b3b06c5b17324dc6cce97b7577ffa1613c6ca79258d951e,supplied CSV; numerical equivalence checked against raw lift files
lift/supplied_csv/SD5060_Re10.csv,SD5060_Re10.csv,lift/supplied_csv,UIUC_τ⌐║µ░öσè¿σè¢σ¡ªµò░µì«/CSV_data/SD5060_Re10.csv,1630,3ccecb664367beca50e11a4a841f61830efa2fbed2e6b43312115a656c0013f8,supplied CSV; numerical equivalence checked against raw lift files
lift/supplied_csv/SD6060_Re06.csv,SD6060_Re06.csv,lift/supplied_csv,UIUC_τ⌐║µ░öσè¿σè¢σ¡ªµò░µì«/CSV_data/SD6060_Re06.csv,1635,2cda96379d087ab7f16e549f90ee9cfc0ce45a443310d516f0b28fd0206baec2,supplied CSV; numerical equivalence checked against raw lift files
lift/supplied_csv/SD6060_Re08.csv,SD6060_Re08.csv,lift/supplied_csv,UIUC_τ⌐║µ░öσè¿σè¢σ¡ªµò░µì«/CSV_data/SD6060_Re08.csv,1632,2981fed6a197e0ebb85ec3324bddf2309ffa76c6df09309fe3a220ddc585fe37,supplied CSV; numerical equivalence checked against raw lift files
lift/supplied_csv/SD6060_Re10.csv,SD6060_Re10.csv,lift/supplied_csv,UIUC_τ⌐║µ░öσè¿σè¢σ¡ªµò░µì«/CSV_data/SD6060_Re10.csv,1630,e07614448a35f12234107e846a1fba6a225268e30e9b8a601180bcca60cbd151,supplied CSV; numerical equivalence checked against raw lift files
lift/supplied_csv/SD7003_Re06.csv,SD7003_Re06.csv,lift/supplied_csv,UIUC_τ⌐║µ░öσè¿σè¢σ¡ªµò░µì«/CSV_data/SD7003_Re06.csv,1634,01a8df749b3d78aedc4c833a28deb5f5c4762e1a25a7bb80281ce607144c9acb,supplied CSV; numerical equivalence checked against raw lift files
lift/supplied_csv/SD7003_Re08.csv,SD7003_Re08.csv,lift/supplied_csv,UIUC_τ⌐║µ░öσè¿σè¢σ¡ªµò░µì«/CSV_data/SD7003_Re08.csv,1635,b29b74b92ddedb25ac815cf8dc1c8861ae397cc453a33d8c2088d7602a89dc81,supplied CSV; numerical equivalence checked against raw lift files
lift/supplied_csv/SD7003_Re10.csv,SD7003_Re10.csv,lift/supplied_csv,UIUC_τ⌐║µ░öσè¿σè¢σ¡ªµò░µì«/CSV_data/SD7003_Re10.csv,1633,596dfeddf09b0a59f72f3e65897d439b261269fbf1069fac934d9a99de9f7857,supplied CSV; numerical equivalence checked against raw lift files
lift/supplied_csv/SD7032C_Re06.csv,SD7032C_Re06.csv,lift/supplied_csv,UIUC_τ⌐║µ░öσè¿σè¢σ¡ªµò░µì«/CSV_data/SD7032C_Re06.csv,1620,fdc1e89f0c128d7ee6984f93d31fa1a35cb74428f92ceb1f92942bb47bb5e58c,supplied CSV; numerical equivalence checked against raw lift files
lift/supplied_csv/SD7032C_Re08.csv,SD7032C_Re08.csv,lift/supplied_csv,UIUC_τ⌐║µ░öσè¿σè¢σ¡ªµò░µì«/CSV_data/SD7032C_Re08.csv,1619,927e485a1e7cfff8c0cae6f293e6d92b243e423b023d7f78d2560e175e41b549,supplied CSV; numerical equivalence checked against raw lift files
lift/supplied_csv/SD7032C_Re10.csv,SD7032C_Re10.csv,lift/supplied_csv,UIUC_τ⌐║µ░öσè¿σè¢σ¡ªµò░µì«/CSV_data/SD7032C_Re10.csv,1618,11ad968cdd77bec432791626de9e13a6ce584c21e77708d949b1e1907cc4b8ce,supplied CSV; numerical equivalence checked against raw lift files
lift/supplied_csv/SD7043_Re06.csv,SD7043_Re06.csv,lift/supplied_csv,UIUC_τ⌐║µ░öσè¿σè¢σ¡ªµò░µì«/CSV_data/SD7043_Re06.csv,1622,f59f2b6163b9370ca92194014c01867f1cbf49260c470e692ee6a5e94a882d7e,supplied CSV; numerical equivalence checked against raw lift files
lift/supplied_csv/SD7043_Re08.csv,SD7043_Re08.csv,lift/supplied_csv,UIUC_τ⌐║µ░öσè¿σè¢σ¡ªµò░µì«/CSV_data/SD7043_Re08.csv,1620,17a13ac14456eead3aab9c68e6f349b4c30de4933812db9a1d27842a49170150,supplied CSV; numerical equivalence checked against raw lift files
lift/supplied_csv/SD7043_Re10.csv,SD7043_Re10.csv,lift/supplied_csv,UIUC_τ⌐║µ░öσè¿σè¢σ¡ªµò░µì«/CSV_data/SD7043_Re10.csv,1620,e7c9d9df85250298eedc5b281e4e8df17a23cfb0e822423be5112a46fd17e98b,supplied CSV; numerical equivalence checked against raw lift files
lift/supplied_csv/SD7080_Re06.csv,SD7080_Re06.csv,lift/supplied_csv,UIUC_τ⌐║µ░öσè¿σè¢σ¡ªµò░µì«/CSV_data/SD7080_Re06.csv,1635,e8d82b09c95af07525e1154e43b59eaa557fad951517d8cbe19ce6168b9c5e09,supplied CSV; numerical equivalence checked against raw lift files
lift/supplied_csv/SD7080_Re08.csv,SD7080_Re08.csv,lift/supplied_csv,UIUC_τ⌐║µ░öσè¿σè¢σ¡ªµò░µì«/CSV_data/SD7080_Re08.csv,1849,a3281c4e9f1c5bfed89c2c3bf4ecbf8d20491fc3ce99522fb8d394532f0a5bdc,supplied CSV; numerical equivalence checked against raw lift files
lift/supplied_csv/SD7080_Re10.csv,SD7080_Re10.csv,lift/supplied_csv,UIUC_τ⌐║µ░öσè¿σè¢σ¡ªµò░µì«/CSV_data/SD7080_Re10.csv,1845,3836a6f0188e9f861e92539a111d82a8bd411de241f349e75ee59765e7e350c2,supplied CSV; numerical equivalence checked against raw lift files
lift/supplied_csv/SD7084_Re06.csv,SD7084_Re06.csv,lift/supplied_csv,UIUC_τ⌐║µ░öσè¿σè¢σ¡ªµò░µì«/CSV_data/SD7084_Re06.csv,1633,62e059bf2bb368634a742d038fa347db16548c47a834f326d4db30861fec38ff,supplied CSV; numerical equivalence checked against raw lift files
lift/supplied_csv/SD7084_Re08.csv,SD7084_Re08.csv,lift/supplied_csv,UIUC_τ⌐║µ░öσè¿σè¢σ¡ªµò░µì«/CSV_data/SD7084_Re08.csv,1632,0ba4d6dc5a450c19e5bfb625f2320a8eecedcdfce10d378cbda708e40b3c7a39,supplied CSV; numerical equivalence checked against raw lift files
lift/supplied_csv/SD7084_Re10.csv,SD7084_Re10.csv,lift/supplied_csv,UIUC_τ⌐║µ░öσè¿σè¢σ¡ªµò░µì«/CSV_data/SD7084_Re10.csv,1632,6b6c28174835194ab2f9165c7ab734d20fef383752eb3fda564d47c9e4c792f9,supplied CSV; numerical equivalence checked against raw lift files
lift/supplied_csv/SD7090_Re06.csv,SD7090_Re06.csv,lift/supplied_csv,UIUC_τ⌐║µ░öσè¿σè¢σ¡ªµò░µì«/CSV_data/SD7090_Re06.csv,1631,564907bfb6eb2949d4085bed5d80588b0d7ab8c738856dd5695a7ddf150831aa,supplied CSV; numerical equivalence checked against raw lift files
lift/supplied_csv/SD7090_Re08.csv,SD7090_Re08.csv,lift/supplied_csv,UIUC_τ⌐║µ░öσè¿σè¢σ¡ªµò░µì«/CSV_data/SD7090_Re08.csv,1630,9c5f57b4b9f0c668758ccf16f4e4f76791577d27881e91d78cbb015934471418,supplied CSV; numerical equivalence checked against raw lift files
lift/supplied_csv/SD7090_Re10.csv,SD7090_Re10.csv,lift/supplied_csv,UIUC_τ⌐║µ░öσè¿σè¢σ¡ªµò░µì«/CSV_data/SD7090_Re10.csv,1630,446eaa63ac84e9f53e9e10bad7542e9d17f69a72a0e15df41a63f61adc2c1df6,supplied CSV; numerical equivalence checked against raw lift files
lift/supplied_csv/SD8000_Re06.csv,SD8000_Re06.csv,lift/supplied_csv,UIUC_τ⌐║µ░öσè¿σè¢σ¡ªµò░µì«/CSV_data/SD8000_Re06.csv,1627,61b51d955d15f778e5e837cc1c3839f3696ba9dc45ea7d13d12eb3528435f38c,supplied CSV; numerical equivalence checked against raw lift files
lift/supplied_csv/SD8000_Re08.csv,SD8000_Re08.csv,lift/supplied_csv,UIUC_τ⌐║µ░öσè¿σè¢σ¡ªµò░µì«/CSV_data/SD8000_Re08.csv,1628,01bbe058016e1a521496e490fac15a48a2d5af04e4a27a1f1b49fea5c15d2f7f,supplied CSV; numerical equivalence checked against raw lift files
lift/supplied_csv/SD8000_Re10.csv,SD8000_Re10.csv,lift/supplied_csv,UIUC_τ⌐║µ░öσè¿σè¢σ¡ªµò░µì«/CSV_data/SD8000_Re10.csv,1626,39503d058928c28abd0735909f0207637f79ccc44eed3eb70e0d122b548df2d0,supplied CSV; numerical equivalence checked against raw lift files
lift/supplied_csv/SD8020_Re06.csv,SD8020_Re06.csv,lift/supplied_csv,UIUC_τ⌐║µ░öσè¿σè¢σ¡ªµò░µì«/CSV_data/SD8020_Re06.csv,1636,8346925f7b5c554cd0bf4d64d6d7ef4566b792ab888a2173caa90e992427cd6e,supplied CSV; numerical equivalence checked against raw lift files
lift/supplied_csv/SD8020_Re08.csv,SD8020_Re08.csv,lift/supplied_csv,UIUC_τ⌐║µ░öσè¿σè¢σ¡ªµò░µì«/CSV_data/SD8020_Re08.csv,1637,0560e9cecfc5b1fd28c069b31d21a45dcd69037aea2133bef6b6992518a3645c,supplied CSV; numerical equivalence checked against raw lift files
lift/supplied_csv/SD8020_Re10.csv,SD8020_Re10.csv,lift/supplied_csv,UIUC_τ⌐║µ░öσè¿σè¢σ¡ªµò░µì«/CSV_data/SD8020_Re10.csv,1637,d6d67d7767fc099cd45433deef6acf1dacdd9b3d2395677aa03f8f16105918f4,supplied CSV; numerical equivalence checked against raw lift files
lift/supplied_csv/SPICA_Re08.csv,SPICA_Re08.csv,lift/supplied_csv,UIUC_τ⌐║µ░öσè¿σè¢σ¡ªµò░µì«/CSV_data/SPICA_Re08.csv,1982,8fc09f9c643d6abf04db90b99dab13a681c320e2a060bc144507eb25ea81b8a1,supplied CSV; numerical equivalence checked against raw lift files
lift/supplied_csv/SPICA_Re10.csv,SPICA_Re10.csv,lift/supplied_csv,UIUC_τ⌐║µ░öσè¿σè¢σ¡ªµò░µì«/CSV_data/SPICA_Re10.csv,1982,598b82ada3dc9a9d491f70874858e2ed3f98445b951795a26f7206cd845ab567,supplied CSV; numerical equivalence checked against raw lift files
lift/supplied_csv/WB135-35_Re06.csv,WB135-35_Re06.csv,lift/supplied_csv,UIUC_τ⌐║µ░öσè¿σè¢σ¡ªµò░µì«/CSV_data/WB135-35_Re06.csv,1543,e64479113df767d1f0ee39791177c123f01424d792139edfaacbb993ed377019,supplied CSV; numerical equivalence checked against raw lift files
lift/supplied_csv/WB135-35_Re08.csv,WB135-35_Re08.csv,lift/supplied_csv,UIUC_τ⌐║µ░öσè¿σè¢σ¡ªµò░µì«/CSV_data/WB135-35_Re08.csv,1539,848738b734a50635c407dbb1d3e53a5c44200663e40aa1b5e3a00a4b400eb381,supplied CSV; numerical equivalence checked against raw lift files
lift/supplied_csv/WB135-35_Re10.csv,WB135-35_Re10.csv,lift/supplied_csv,UIUC_τ⌐║µ░öσè¿σè¢σ¡ªµò░µì«/CSV_data/WB135-35_Re10.csv,1538,1c3382dc63c8e49a0a3581f08ac9d787fcd76672825df983ff0ce948a7d2852a,supplied CSV; numerical equivalence checked against raw lift files
polars/raw/ALL.PD,ALL.PD,polars/raw,UIUC_τ⌐║µ░öσè¿σè¢σ¡ªµò░µì«/ALL.PD,181124,4b568f318570a7e929e6391e58f37a2fe14ac7b889b28567bb5923143e71d5f8,byte-identical to official Stec8.zip
quarantine/empty_csv/-_Re06.csv,-_Re06.csv,quarantine/empty_csv,UIUC_τ⌐║µ░öσè¿σè¢σ¡ªµò░µì«/CSV_data/-_Re06.csv,9,5fb45731df14ed064fd7addbe306c147f75edd854de5ed2aae4e033db51b011e,empty supplied placeholder; excluded from derived data
quarantine/empty_csv/-_Re08.csv,-_Re08.csv,quarantine/empty_csv,UIUC_τ⌐║µ░öσè¿σè¢σ¡ªµò░µì«/CSV_data/-_Re08.csv,9,5fb45731df14ed064fd7addbe306c147f75edd854de5ed2aae4e033db51b011e,empty supplied placeholder; excluded from derived data
quarantine/empty_csv/-_Re10.csv,-_Re10.csv,quarantine/empty_csv,UIUC_τ⌐║µ░öσè¿σè¢σ¡ªµò░µì«/CSV_data/-_Re10.csv,9,5fb45731df14ed064fd7addbe306c147f75edd854de5ed2aae4e033db51b011e,empty supplied placeholder; excluded from derived data
references/CORFILES,CORFILES,references,UIUC_τ⌐║µ░öσè¿σè¢σ¡ªµò░µì«/CORFILES,640,82b41883b0b22a34c6186c550cdaddf065868ad6d281f30f3bd372f4d5a041c9,byte-identical to official Stec8.zip
references/LIFT.LOG,LIFT.LOG,references,UIUC_τ⌐║µ░öσè¿σè¢σ¡ªµò░µì«/LIFT.LOG,9669,6e80be81f7431b4f090bac94cf094c1fa752e6cf763ba97907e8e6774ecfe39d,byte-identical to official Stec8.zip
references/README,README,references,UIUC_τ⌐║µ░öσè¿σè¢σ¡ªµò░µì«/README,2944,3bcc54cc37dd10d27e45a34117c34ea2fd1aaca7ea7ba14ec762e9a1cad5219f,byte-identical to official Stec8.zip
references/supplied_README.md,README.md,references,UIUC_τ⌐║µ░öσè¿σè¢σ¡ªµò░µì«/README.md,7783,9d26b862afa481cbd80b11b9e745cd457f109b7e26a88ba936ba70ea8dd2a94d,supplied commentary; see REVIEW.md for corrections
