curve_id,configuration_block,airfoil_label,builder,reynolds_actual,declared_points,usable_points,excluded_points,original_data_label,original_figure
ST8-PD-001-01,1,AQUILA,OSTRANDER,59400.,13,13,0,PDAQ,Fig. 12.1
ST8-PD-001-02,1,AQUILA,OSTRANDER,101100.,16,16,0,PDAQ,Fig. 12.1
ST8-PD-001-03,1,AQUILA,OSTRANDER,150500.,7,7,0,PDAQ,Fig. 12.1
ST8-PD-001-04,1,AQUILA,OSTRANDER,203900.,17,17,0,PDAQ,Fig. 12.1
ST8-PD-001-05,1,AQUILA,OSTRANDER,301100.,12,12,0,PDAQ,Fig. 12.1
ST8-PD-002-01,2,CLARK-Y,WATSON/BOREN,61300.,16,16,0,PDCL,Fig. 12.3
ST8-PD-002-02,2,CLARK-Y,WATSON/BOREN,102600.,16,16,0,PDCL,Fig. 12.3
ST8-PD-002-03,2,CLARK-Y,WATSON/BOREN,203800.,19,19,0,PDCL,Fig. 12.3
ST8-PD-002-04,2,CLARK-Y,WATSON/BOREN,301200.,11,11,0,PDCL,Fig. 12.3
ST8-PD-003-01,3,DAE51,ILLICK,60400.,12,12,0,PDDAE,Fig. 12.5
ST8-PD-003-02,3,DAE51,ILLICK,101400.,14,14,0,PDDAE,Fig. 12.5
ST8-PD-003-03,3,DAE51,ILLICK,153500.,15,15,0,PDDAE,Fig. 12.5
ST8-PD-003-04,3,DAE51,ILLICK,203200.,15,15,0,PDDAE,Fig. 12.5
ST8-PD-003-05,3,DAE51,ILLICK,310400.,14,14,0,PDDAE,Fig. 12.5
ST8-PD-004-01,4,DAE51 THICK T.E.,ILLICK,100100.,9,9,0,PDDAETHKTE,Fig. 12.6
ST8-PD-004-02,4,DAE51 THICK T.E.,ILLICK,148600.,10,10,0,PDDAETHKTE,Fig. 12.6
ST8-PD-004-03,4,DAE51 THICK T.E.,ILLICK,197900.,9,9,0,PDDAETHKTE,Fig. 12.6
ST8-PD-004-04,4,DAE51 THICK T.E.,ILLICK,301600.,11,11,0,PDDAETHKTE,Fig. 12.6
ST8-PD-005-01,5,DF101,FRASER,58100.,16,16,0,PDDF101,Fig. 12.8
ST8-PD-005-02,5,DF101,FRASER,101700.,20,20,0,PDDF101,Fig. 12.8
ST8-PD-005-03,5,DF101,FRASER,153700.,20,20,0,PDDF101,Fig. 12.8
ST8-PD-005-04,5,DF101,FRASER,201400.,21,21,0,PDDF101,Fig. 12.8
ST8-PD-005-05,5,DF101,FRASER,305500.,17,17,0,PDDF101,Fig. 12.8
ST8-PD-006-01,6,DF102,FRASER,59100.,15,15,0,PDDF102,Fig. 12.9
ST8-PD-006-02,6,DF102,FRASER,100200.,16,16,0,PDDF102,Fig. 12.9
ST8-PD-006-03,6,DF102,FRASER,149100.,13,13,0,PDDF102,Fig. 12.9
ST8-PD-006-04,6,DF102,FRASER,200900.,20,20,0,PDDF102,Fig. 12.9
ST8-PD-006-05,6,DF102,FRASER,300900.,19,19,0,PDDF102,Fig. 12.9
ST8-PD-007-01,7,DF103,FRASER,62500.,10,10,0,PDDF103,Fig. 12.10
ST8-PD-007-02,7,DF103,FRASER,99700.,11,11,0,PDDF103,Fig. 12.10
ST8-PD-007-03,7,DF103,FRASER,148500.,10,10,0,PDDF103,Fig. 12.10
ST8-PD-007-04,7,DF103,FRASER,203200.,11,10,1,PDDF103,Fig. 12.10
ST8-PD-007-05,7,DF103,FRASER,304800.,11,11,0,PDDF103,Fig. 12.10
ST8-PD-008-01,8,E193,KOCH,60200.,18,18,0,PDE193,Fig. 12.11
ST8-PD-008-02,8,E193,KOCH,97500.,17,17,0,PDE193,Fig. 12.11
ST8-PD-008-03,8,E193,KOCH,204200.,17,17,0,PDE193,Fig. 12.11
ST8-PD-008-04,8,E193,KOCH,303100.,9,9,0,PDE193,Fig. 12.11
ST8-PD-009-01,9,E193 MODIFIED,FOLKENING,100300.,10,10,0,PDE193THK,Fig. 12.12
ST8-PD-009-02,9,E193 MODIFIED,FOLKENING,149400.,10,10,0,PDE193THK,Fig. 12.12
ST8-PD-009-03,9,E193 MODIFIED,FOLKENING,207900.,21,21,0,PDE193THK,Fig. 12.12
ST8-PD-009-04,9,E193 MODIFIED,FOLKENING,307800.,16,16,0,PDE193THK,Fig. 12.12
ST8-PD-010-01,10,E205A,BATEY/KUNATH,59800.,16,16,0,PDE205,Fig. 12.13
ST8-PD-010-02,10,E205A,BATEY/KUNATH,99500.,16,16,0,PDE205,Fig. 12.13
ST8-PD-010-03,10,E205A,BATEY/KUNATH,150600.,11,11,0,PDE205,Fig. 12.13
ST8-PD-010-04,10,E205A,BATEY/KUNATH,202100.,18,18,0,PDE205,Fig. 12.13
ST8-PD-010-05,10,E205A,BATEY/KUNATH,301800.,11,11,0,PDE205,Fig. 12.13
ST8-PD-011-01,11,E205B,REED,63600.,16,16,0,PDE205B,Fig. 12.14
ST8-PD-011-02,11,E205B,REED,105200.,16,16,0,PDE205B,Fig. 12.14
ST8-PD-011-03,11,E205B,REED,151100.,17,17,0,PDE205B,Fig. 12.14
ST8-PD-011-04,11,E205B,REED,206600.,17,17,0,PDE205B,Fig. 12.14
ST8-PD-011-05,11,E205B,REED,304300.,19,19,0,PDE205B,Fig. 12.14
ST8-PD-012-01,12,E214A,LUCKENBACH,101600.,20,20,0,PDE214,Fig. 12.16
ST8-PD-012-02,12,E214A,LUCKENBACH,146700.,13,13,0,PDE214,Fig. 12.16
ST8-PD-012-03,12,E214A,LUCKENBACH,201800.,20,20,0,PDE214,Fig. 12.16
ST8-PD-012-04,12,E214A,LUCKENBACH,299000.,15,15,0,PDE214,Fig. 12.16
ST8-PD-013-01,13,E214B,SAWYER,59800.,18,18,0,PDE214B,Fig. 12.17
ST8-PD-013-02,13,E214B,SAWYER,99300.,18,18,0,PDE214B,Fig. 12.17
ST8-PD-013-03,13,E214B,SAWYER,202600.,18,18,0,PDE214B,Fig. 12.17
ST8-PD-013-04,13,E214B,SAWYER,301800.,9,9,0,PDE214B,Fig. 12.17
ST8-PD-014-01,14,E214C F0,SAWYER/BORDER,59700.,19,19,0,PDE214BF,Fig. 12.19
ST8-PD-014-02,14,E214C F0,SAWYER/BORDER,100600.,19,19,0,PDE214BF,Fig. 12.19
ST8-PD-014-03,14,E214C F0,SAWYER/BORDER,151300.,16,16,0,PDE214BF,Fig. 12.19
ST8-PD-014-04,14,E214C F0,SAWYER/BORDER,201700.,16,16,0,PDE214BF,Fig. 12.19
ST8-PD-014-05,14,E214C F0,SAWYER/BORDER,302800.,15,15,0,PDE214BF,Fig. 12.19
ST8-PD-015-01,15,"E214C F0, UST .020, .125, 20%",SAWYER/BORDER,97600.,12,12,0,PDE214BFUST2012520,Fig. 12.22
ST8-PD-015-02,15,"E214C F0, UST .020, .125, 20%",SAWYER/BORDER,150200.,11,11,0,PDE214BFUST2012520,Fig. 12.22
ST8-PD-015-03,15,"E214C F0, UST .020, .125, 20%",SAWYER/BORDER,199200.,12,12,0,PDE214BFUST2012520,Fig. 12.22
ST8-PD-015-04,15,"E214C F0, UST .020, .125, 20%",SAWYER/BORDER,298800.,11,11,0,PDE214BFUST2012520,Fig. 12.22
ST8-PD-016-01,16,E214C NF3,SAWYER/BORDER,104200.,15,15,0,PDE214BNF3,Fig. 12.20
ST8-PD-016-02,16,E214C NF3,SAWYER/BORDER,149900.,12,12,0,PDE214BNF3,Fig. 12.20
ST8-PD-016-03,16,E214C NF3,SAWYER/BORDER,198400.,17,17,0,PDE214BNF3,Fig. 12.20
ST8-PD-016-04,16,E214C NF3,SAWYER/BORDER,303400.,11,11,0,PDE214BNF3,Fig. 12.20
ST8-PD-017-01,17,E214C NF6,SAWYER/BORDER,100600.,12,12,0,PDE214BNF6,Fig. 12.21
ST8-PD-017-02,17,E214C NF6,SAWYER/BORDER,149400.,12,12,0,PDE214BNF6,Fig. 12.21
ST8-PD-017-03,17,E214C NF6,SAWYER/BORDER,196500.,12,12,0,PDE214BNF6,Fig. 12.21
ST8-PD-017-04,17,E214C NF6,SAWYER/BORDER,302500.,11,11,0,PDE214BNF6,Fig. 12.21
ST8-PD-018-01,18,E214C PF3,SAWYER/BORDER,102700.,8,8,0,PDE214BPF3,Fig. 12.18
ST8-PD-018-02,18,E214C PF3,SAWYER/BORDER,151100.,10,10,0,PDE214BPF3,Fig. 12.18
ST8-PD-018-03,18,E214C PF3,SAWYER/BORDER,200800.,9,9,0,PDE214BPF3,Fig. 12.18
ST8-PD-018-04,18,E214C PF3,SAWYER/BORDER,301000.,10,10,0,PDE214BPF3,Fig. 12.18
ST8-PD-019-01,19,E374A,FOX,58900.,18,18,0,PDE374,Fig. 12.24
ST8-PD-019-02,19,E374A,FOX,97800.,16,16,0,PDE374,Fig. 12.24
ST8-PD-019-03,19,E374A,FOX,151800.,20,20,0,PDE374,Fig. 12.24
ST8-PD-019-04,19,E374A,FOX,201300.,18,18,0,PDE374,Fig. 12.24
ST8-PD-019-05,19,E374A,FOX,300400.,14,14,0,PDE374,Fig. 12.24
ST8-PD-020-01,20,E374B,BAME,59200.,17,17,0,PDE374C,Fig. 12.25
ST8-PD-020-02,20,E374B,BAME,97300.,17,17,0,PDE374C,Fig. 12.25
ST8-PD-020-03,20,E374B,BAME,151000.,18,18,0,PDE374C,Fig. 12.25
ST8-PD-020-04,20,E374B,BAME,201600.,19,19,0,PDE374C,Fig. 12.25
ST8-PD-020-05,20,E374B,BAME,308600.,21,21,0,PDE374C,Fig. 12.25
ST8-PD-021-01,21,E374B BUMP SHOT TRIP 50%,BAME,100800.,11,11,0,PDE374CBMPSHT50,Fig. 12.26
ST8-PD-021-02,21,E374B BUMP SHOT TRIP 50%,BAME,153400.,15,15,0,PDE374CBMPSHT50,Fig. 12.26
ST8-PD-021-03,21,E374B BUMP SHOT TRIP 50%,BAME,202400.,11,11,0,PDE374CBMPSHT50,Fig. 12.26
ST8-PD-021-04,21,E374B BUMP SHOT TRIP 50%,BAME,305000.,11,11,0,PDE374CBMPSHT50,Fig. 12.26
ST8-PD-022-01,22,E374B CLAY L.E.,BAME,100600.,11,11,0,PDE374CLAYLE,Fig. 12.28
ST8-PD-022-02,22,E374B CLAY L.E.,BAME,149400.,11,11,0,PDE374CLAYLE,Fig. 12.28
ST8-PD-022-03,22,E374B CLAY L.E.,BAME,196300.,12,12,0,PDE374CLAYLE,Fig. 12.28
ST8-PD-022-04,22,E374B CLAY L.E.,BAME,300000.,13,13,0,PDE374CLAYLE,Fig. 12.28
ST8-PD-023-01,23,E374B THICK T.E.,BAME,147300.,12,12,0,PDE374CTHKTE,Fig. 12.29
ST8-PD-023-02,23,E374B THICK T.E.,BAME,200700.,12,12,0,PDE374CTHKTE,Fig. 12.29
ST8-PD-023-03,23,E374B THICK T.E.,BAME,300300.,11,11,0,PDE374CTHKTE,Fig. 12.29
ST8-PD-024-01,24,"E374B UST .020, .125, 20%",BAME,103600.,10,10,0,PDE374CUST2012520,Fig. 12.27
ST8-PD-024-02,24,"E374B UST .020, .125, 20%",BAME,151300.,12,12,0,PDE374CUST2012520,Fig. 12.27
ST8-PD-024-03,24,"E374B UST .020, .125, 20%",BAME,200700.,11,11,0,PDE374CUST2012520,Fig. 12.27
ST8-PD-024-04,24,"E374B UST .020, .125, 20%",BAME,304200.,13,13,0,PDE374CUST2012520,Fig. 12.27
ST8-PD-025-01,25,E387A,CHAMPINE,59700.,16,16,0,PDE387,Fig. 12.31
ST8-PD-025-02,25,E387A,CHAMPINE,99800.,16,16,0,PDE387,Fig. 12.31
ST8-PD-025-03,25,E387A,CHAMPINE,149600.,9,9,0,PDE387,Fig. 12.31
ST8-PD-025-04,25,E387A,CHAMPINE,199800.,16,16,0,PDE387,Fig. 12.31
ST8-PD-025-05,25,E387A,CHAMPINE,303100.,16,16,0,PDE387,Fig. 12.31
ST8-PD-026-01,26,E387B,MILLER,97000.,14,14,0,PDE387B,Fig. 12.36
ST8-PD-026-02,26,E387B,MILLER,202600.,16,16,0,PDE387B,Fig. 12.36
ST8-PD-027-01,27,E387A HIGH TURBULENCE,CHAMPINE,101000.,19,19,0,PDE387HT,Fig. 12.34
ST8-PD-027-02,27,E387A HIGH TURBULENCE,CHAMPINE,153700.,19,19,0,PDE387HT,Fig. 12.34
ST8-PD-027-03,27,E387A HIGH TURBULENCE,CHAMPINE,201300.,17,17,0,PDE387HT,Fig. 12.34
ST8-PD-027-04,27,E387A HIGH TURBULENCE,CHAMPINE,301300.,19,19,0,PDE387HT,Fig. 12.34
ST8-PD-028-01,28,E387A REPEAT,CHAMPINE,99500.,15,15,0,PDE387REP,Fig. 12.32
ST8-PD-028-02,28,E387A REPEAT,CHAMPINE,149600.,13,13,0,PDE387REP,Fig. 12.32
ST8-PD-028-03,28,E387A REPEAT,CHAMPINE,202000.,16,16,0,PDE387REP,Fig. 12.32
ST8-PD-028-04,28,E387A REPEAT,CHAMPINE,302200.,15,15,0,PDE387REP,Fig. 12.32
ST8-PD-029-01,29,"E387A UST .020, .125, 20%",CHAMPINE,101500.,12,12,0,PDE387UST2012520,Fig. 12.33
ST8-PD-029-02,29,"E387A UST .020, .125, 20%",CHAMPINE,153000.,12,12,0,PDE387UST2012520,Fig. 12.33
ST8-PD-029-03,29,"E387A UST .020, .125, 20%",CHAMPINE,200400.,15,15,0,PDE387UST2012520,Fig. 12.33
ST8-PD-029-04,29,"E387A UST .020, .125, 20%",CHAMPINE,311800.,17,17,0,PDE387UST2012520,Fig. 12.33
ST8-PD-030-01,30,FLAT PLATE,FRASER,100100.,12,12,0,PDFP,Fig. 12.37
ST8-PD-030-02,30,FLAT PLATE,FRASER,199700.,11,11,0,PDFP,Fig. 12.37
ST8-PD-030-03,30,FLAT PLATE,FRASER,300400.,12,12,0,PDFP,Fig. 12.37
ST8-PD-031-01,31,FX60-100,BORDER,59600.,11,11,0,PDFX,Fig. 12.39
ST8-PD-031-02,31,FX60-100,BORDER,99400.,17,17,0,PDFX,Fig. 12.39
ST8-PD-031-03,31,FX60-100,BORDER,152300.,17,17,0,PDFX,Fig. 12.39
ST8-PD-031-04,31,FX60-100,BORDER,203400.,17,17,0,PDFX,Fig. 12.39
ST8-PD-031-05,31,FX60-100,BORDER,298800.,11,11,0,PDFX,Fig. 12.39
ST8-PD-032-01,32,FX63-137A,CHAMPINE,200100.,20,20,0,PDFX63,Fig. 12.40
ST8-PD-032-02,32,FX63-137A,CHAMPINE,299500.,19,19,0,PDFX63,Fig. 12.40
ST8-PD-033-01,33,FX63-137B,CHAMPINE,100800.,16,16,0,PDFX63B,Fig. 12.41
ST8-PD-033-02,33,FX63-137B,CHAMPINE,155600.,19,19,0,PDFX63B,Fig. 12.41
ST8-PD-033-03,33,FX63-137B,CHAMPINE,200700.,20,20,0,PDFX63B,Fig. 12.41
ST8-PD-033-04,33,FX63-137B,CHAMPINE,308600.,20,20,0,PDFX63B,Fig. 12.41
ST8-PD-034-01,34,HQ2/9A,WAGNER/OLSEN,62000.,13,13,0,PDHQ,Fig. 12.42
ST8-PD-034-02,34,HQ2/9A,WAGNER/OLSEN,98300.,16,16,0,PDHQ,Fig. 12.42
ST8-PD-034-03,34,HQ2/9A,WAGNER/OLSEN,149000.,15,15,0,PDHQ,Fig. 12.42
ST8-PD-034-04,34,HQ2/9A,WAGNER/OLSEN,208700.,16,16,0,PDHQ,Fig. 12.42
ST8-PD-034-05,34,HQ2/9A,WAGNER/OLSEN,303400.,16,16,0,PDHQ,Fig. 12.42
ST8-PD-035-01,35,HQ2/9B,WAGNER/OLSEN,60800.,10,10,0,PDHQB,Fig. 12.47
ST8-PD-035-02,35,HQ2/9B,WAGNER/OLSEN,100100.,12,12,0,PDHQB,Fig. 12.47
ST8-PD-035-03,35,HQ2/9B,WAGNER/OLSEN,152000.,12,12,0,PDHQB,Fig. 12.47
ST8-PD-035-04,35,HQ2/9B,WAGNER/OLSEN,202400.,10,10,0,PDHQB,Fig. 12.47
ST8-PD-035-05,35,HQ2/9B,WAGNER/OLSEN,303500.,12,12,0,PDHQB,Fig. 12.47
ST8-PD-036-01,36,"HQ2/9A UST .020, .125, 20%",WAGNER/OLSEN,98200.,16,16,0,PDHQUST2012520,Fig. 12.43
ST8-PD-036-02,36,"HQ2/9A UST .020, .125, 20%",WAGNER/OLSEN,151600.,14,14,0,PDHQUST2012520,Fig. 12.43
ST8-PD-036-03,36,"HQ2/9A UST .020, .125, 20%",WAGNER/OLSEN,202100.,16,16,0,PDHQUST2012520,Fig. 12.43
ST8-PD-036-04,36,"HQ2/9A UST .020, .125, 20%",WAGNER/OLSEN,311700.,17,17,0,PDHQUST2012520,Fig. 12.43
ST8-PD-037-01,37,"HQ2/9A UST .020, .125, 40%",WAGNER/OLSEN,101600.,10,10,0,PDHQUST2012540,Fig. 12.44
ST8-PD-037-02,37,"HQ2/9A UST .020, .125, 40%",WAGNER/OLSEN,153300.,11,11,0,PDHQUST2012540,Fig. 12.44
ST8-PD-037-03,37,"HQ2/9A UST .020, .125, 40%",WAGNER/OLSEN,205300.,11,11,0,PDHQUST2012540,Fig. 12.44
ST8-PD-037-04,37,"HQ2/9A UST .020, .125, 40%",WAGNER/OLSEN,305200.,11,11,0,PDHQUST2012540,Fig. 12.44
ST8-PD-038-01,38,"HQ2/9A UST .020, .125, 50%",WAGNER/OLSEN,58900.,10,10,0,PDHQBUST2012550,Fig. 12.48
ST8-PD-038-02,38,"HQ2/9A UST .020, .125, 50%",WAGNER/OLSEN,100800.,12,12,0,PDHQBUST2012550,Fig. 12.48
ST8-PD-038-03,38,"HQ2/9A UST .020, .125, 50%",WAGNER/OLSEN,149300.,11,11,0,PDHQBUST2012550,Fig. 12.48
ST8-PD-038-04,38,"HQ2/9A UST .020, .125, 50%",WAGNER/OLSEN,204700.,12,12,0,PDHQBUST2012550,Fig. 12.48
ST8-PD-038-05,38,"HQ2/9A UST .020, .125, 50%",WAGNER/OLSEN,299200.,12,12,0,PDHQBUST2012550,Fig. 12.48
ST8-PD-039-01,39,"HQ2/9A LST .020, .125, 50%",WAGNER/OLSEN,151600.,16,16,0,PDHQLST2012550,Fig. 12.45
ST8-PD-039-02,39,"HQ2/9A LST .020, .125, 50%",WAGNER/OLSEN,200000.,15,15,0,PDHQLST2012550,Fig. 12.45
ST8-PD-039-03,39,"HQ2/9A LST .020, .125, 50%",WAGNER/OLSEN,308100.,15,15,0,PDHQLST2012550,Fig. 12.45
ST8-PD-040-01,40,"HQ2/9B BLOWING TYPE B, 50%",WAGNER/OLSEN,59000.,10,10,0,PDHQBBLOWB,Fig. 12.49
ST8-PD-040-02,40,"HQ2/9B BLOWING TYPE B, 50%",WAGNER/OLSEN,100200.,12,12,0,PDHQBBLOWB,Fig. 12.49
ST8-PD-040-03,40,"HQ2/9B BLOWING TYPE B, 50%",WAGNER/OLSEN,200100.,10,10,0,PDHQBBLOWB,Fig. 12.49
ST8-PD-040-04,40,"HQ2/9B BLOWING TYPE B, 50%",WAGNER/OLSEN,302500.,11,11,0,PDHQBBLOWB,Fig. 12.49
ST8-PD-041-01,41,HQ2/9B TRIPS AT 200k,WAGNER/OLSEN,202400.,10,10,0,PDHQBCOMP,Fig. 12.50
ST8-PD-041-02,41,HQ2/9B TRIPS AT 200k,WAGNER/OLSEN,199700.,7,7,0,PDHQBCOMP,Fig. 12.50
ST8-PD-041-03,41,HQ2/9B TRIPS AT 200k,WAGNER/OLSEN,200100.,10,10,0,PDHQBCOMP,Fig. 12.50
ST8-PD-041-04,41,HQ2/9B TRIPS AT 200k,WAGNER/OLSEN,204700.,12,12,0,PDHQBCOMP,Fig. 12.50
ST8-PD-042-01,42,J5012,RASKIN,56500.,16,16,0,PDJR01,Fig. 12.52
ST8-PD-042-02,42,J5012,RASKIN,97800.,16,16,0,PDJR01,Fig. 12.52
ST8-PD-042-03,42,J5012,RASKIN,151300.,17,17,0,PDJR01,Fig. 12.52
ST8-PD-042-04,42,J5012,RASKIN,201900.,17,17,0,PDJR01,Fig. 12.52
ST8-PD-042-05,42,J5012,RASKIN,303100.,17,17,0,PDJR01,Fig. 12.52
ST8-PD-043-01,43,MB253515,BAME,60100.,12,12,0,PDMB,Fig. 12.53
ST8-PD-043-02,43,MB253515,BAME,99500.,23,23,0,PDMB,Fig. 12.53
ST8-PD-043-03,43,MB253515,BAME,126700.,14,14,0,PDMB,Fig. 12.53
ST8-PD-043-04,43,MB253515,BAME,149700.,17,17,0,PDMB,Fig. 12.53
ST8-PD-043-05,43,MB253515,BAME,177600.,15,15,0,PDMB,Fig. 12.53
ST8-PD-043-06,43,MB253515,BAME,200100.,19,19,0,PDMB,Fig. 12.53
ST8-PD-043-07,43,MB253515,BAME,250100.,14,14,0,PDMB,Fig. 12.53
ST8-PD-043-08,43,MB253515,BAME,301600.,18,18,0,PDMB,Fig. 12.53
ST8-PD-044-01,44,"MB253515 UST .020, .125, 20%",BAME,59600.,12,12,0,PDMBUST2012520,Fig. 12.54
ST8-PD-044-02,44,"MB253515 UST .020, .125, 20%",BAME,101300.,18,18,0,PDMBUST2012520,Fig. 12.54
ST8-PD-044-03,44,"MB253515 UST .020, .125, 20%",BAME,203600.,18,18,0,PDMBUST2012520,Fig. 12.54
ST8-PD-044-04,44,"MB253515 UST .020, .125, 20%",BAME,306300.,12,12,0,PDMBUST2012520,Fig. 12.54
ST8-PD-045-01,45,MILEY,N. ANDERSON,201600.,16,16,0,PDML,Fig. 12.56
ST8-PD-045-02,45,MILEY,N. ANDERSON,232000.,19,19,0,PDML,Fig. 12.56
ST8-PD-045-03,45,MILEY,N. ANDERSON,254600.,17,17,0,PDML,Fig. 12.56
ST8-PD-045-04,45,MILEY,N. ANDERSON,302900.,17,17,0,PDML,Fig. 12.56
ST8-PD-046-01,46,MILEY BUMP SHOT TRIP 31%,N. ANDERSON,200900.,16,16,0,PDMLBMPSHT31,Fig. 12.57
ST8-PD-046-02,46,MILEY BUMP SHOT TRIP 31%,N. ANDERSON,251600.,16,16,0,PDMLBMPSHT31,Fig. 12.57
ST8-PD-046-03,46,MILEY BUMP SHOT TRIP 31%,N. ANDERSON,307400.,17,17,0,PDMLBMPSHT31,Fig. 12.57
ST8-PD-047-01,47,MILEY UST AT 200k,N. ANDERSON,199500.,16,16,0,PDPDMLCOMPD2,Fig. 12.58
ST8-PD-047-02,47,MILEY UST AT 200k,N. ANDERSON,203600.,17,17,0,PDPDMLCOMPD2,Fig. 12.58
ST8-PD-047-03,47,MILEY UST AT 200k,N. ANDERSON,204100.,16,16,0,PDPDMLCOMPD2,Fig. 12.58
ST8-PD-047-04,47,MILEY UST AT 200k,N. ANDERSON,203600.,17,17,0,PDPDMLCOMPD2,Fig. 12.58
ST8-PD-047-05,47,MILEY UST AT 200k,N. ANDERSON,200900.,16,16,0,PDPDMLCOMPD2,Fig. 12.58
ST8-PD-048-01,48,NACA 0009,NANKIVIL,59700.,17,17,0,PDN0009,Fig. 12.60
ST8-PD-048-02,48,NACA 0009,NANKIVIL,100300.,15,15,0,PDN0009,Fig. 12.60
ST8-PD-048-03,48,NACA 0009,NANKIVIL,150600.,16,16,0,PDN0009,Fig. 12.60
ST8-PD-048-04,48,NACA 0009,NANKIVIL,199000.,16,16,0,PDN0009,Fig. 12.60
ST8-PD-048-05,48,NACA 0009,NANKIVIL,302900.,16,16,0,PDN0009,Fig. 12.60
ST8-PD-049-01,49,NACA 2.5411,FRASER,58200.,14,14,0,PDN2411,Fig. 12.62
ST8-PD-049-02,49,NACA 2.5411,FRASER,101500.,15,15,0,PDN2411,Fig. 12.62
ST8-PD-049-03,49,NACA 2.5411,FRASER,200600.,16,16,0,PDN2411,Fig. 12.62
ST8-PD-049-04,49,NACA 2.5411,FRASER,303300.,10,10,0,PDN2411,Fig. 12.62
ST8-PD-050-01,50,NACA 6409,HALSEY,61400.,12,12,0,PDN6409,Fig. 12.66
ST8-PD-050-02,50,NACA 6409,HALSEY,79400.,15,15,0,PDN6409,Fig. 12.66
ST8-PD-050-03,50,NACA 6409,HALSEY,102600.,16,16,0,PDN6409,Fig. 12.66
ST8-PD-050-04,50,NACA 6409,HALSEY,147300.,15,15,0,PDN6409,Fig. 12.66
ST8-PD-050-05,50,NACA 6409,HALSEY,200100.,16,16,0,PDN6409,Fig. 12.66
ST8-PD-051-01,51,NACA 64A010,CHAMPINE,62800.,16,16,0,PDNACA64,Fig. 12.64
ST8-PD-051-02,51,NACA 64A010,CHAMPINE,104200.,14,14,0,PDNACA64,Fig. 12.64
ST8-PD-051-03,51,NACA 64A010,CHAMPINE,150200.,10,10,0,PDNACA64,Fig. 12.64
ST8-PD-051-04,51,NACA 64A010,CHAMPINE,203300.,14,14,0,PDNACA64,Fig. 12.64
ST8-PD-051-05,51,NACA 64A010,CHAMPINE,301000.,13,13,0,PDNACA64,Fig. 12.64
ST8-PD-052-01,52,RG15,FOX,59600.,15,15,0,PDRG,Fig. 12.68
ST8-PD-052-02,52,RG15,FOX,99600.,15,15,0,PDRG,Fig. 12.68
ST8-PD-052-03,52,RG15,FOX,146100.,11,11,0,PDRG,Fig. 12.68
ST8-PD-052-04,52,RG15,FOX,200900.,16,16,0,PDRG,Fig. 12.68
ST8-PD-052-05,52,RG15,FOX,302600.,13,13,0,PDRG,Fig. 12.68
ST8-PD-053-01,53,"RG15 UST .020, .125, 20%",FOX,102300.,15,15,0,PDRGUST2012520,Fig. 12.69
ST8-PD-053-02,53,"RG15 UST .020, .125, 20%",FOX,151600.,17,17,0,PDRGUST2012520,Fig. 12.69
ST8-PD-053-03,53,"RG15 UST .020, .125, 20%",FOX,201200.,16,16,0,PDRGUST2012520,Fig. 12.69
ST8-PD-053-04,53,"RG15 UST .020, .125, 20%",FOX,313500.,16,16,0,PDRGUST2012520,Fig. 12.69
ST8-PD-054-01,54,"RG15 UST .020, .125, 40%",FOX,101700.,11,11,0,PDRGUST2012540,Fig. 12.70
ST8-PD-054-02,54,"RG15 UST .020, .125, 40%",FOX,151900.,11,11,0,PDRGUST2012540,Fig. 12.70
ST8-PD-054-03,54,"RG15 UST .020, .125, 40%",FOX,202700.,9,9,0,PDRGUST2012540,Fig. 12.70
ST8-PD-054-04,54,"RG15 UST .020, .125, 40%",FOX,305100.,10,10,0,PDRGUST2012540,Fig. 12.70
ST8-PD-055-01,55,"RG15 UST .020, .125, 60%",FOX,101000.,11,11,0,PDRGUST2012560,Fig. 12.71
ST8-PD-055-02,55,"RG15 UST .020, .125, 60%",FOX,152800.,18,18,0,PDRGUST2012560,Fig. 12.71
ST8-PD-055-03,55,"RG15 UST .020, .125, 60%",FOX,202300.,17,17,0,PDRGUST2012560,Fig. 12.71
ST8-PD-055-04,55,"RG15 UST .020, .125, 60%",FOX,307600.,16,16,0,PDRGUST2012560,Fig. 12.71
ST8-PD-056-01,56,"RG15 UST .020, .125, 70%",FOX,101000.,16,16,0,PDRGUST2012570,Fig. 12.72
ST8-PD-056-02,56,"RG15 UST .020, .125, 70%",FOX,153300.,15,15,0,PDRGUST2012570,Fig. 12.72
ST8-PD-056-03,56,"RG15 UST .020, .125, 70%",FOX,201300.,15,15,0,PDRGUST2012570,Fig. 12.72
ST8-PD-056-04,56,"RG15 UST .020, .125, 70%",FOX,300600.,16,16,0,PDRGUST2012570,Fig. 12.72
ST8-PD-057-01,57,S2048,BECK,58800.,10,10,0,PDS2048,Fig. 12.74
ST8-PD-057-02,57,S2048,BECK,99500.,13,13,0,PDS2048,Fig. 12.74
ST8-PD-057-03,57,S2048,BECK,154000.,14,14,0,PDS2048,Fig. 12.74
ST8-PD-057-04,57,S2048,BECK,200900.,15,15,0,PDS2048,Fig. 12.74
ST8-PD-057-05,57,S2048,BECK,302800.,10,10,0,PDS2048,Fig. 12.74
ST8-PD-058-01,58,"S2048 LST 60% UST 63% (.020, .125)",BECK,102200.,14,14,0,PDS2048LST60UST63,Fig. 12.75
ST8-PD-058-02,58,"S2048 LST 60% UST 63% (.020, .125)",BECK,148800.,15,15,0,PDS2048LST60UST63,Fig. 12.75
ST8-PD-058-03,58,"S2048 LST 60% UST 63% (.020, .125)",BECK,198700.,14,14,0,PDS2048LST60UST63,Fig. 12.75
ST8-PD-058-04,58,"S2048 LST 60% UST 63% (.020, .125)",BECK,300800.,14,14,0,PDS2048LST60UST63,Fig. 12.75
ST8-PD-059-01,59,S2048 TRIPS AT 300k,BECK,302800.,10,10,0,PDS2048COMPD3,Fig. 12.76
ST8-PD-059-02,59,S2048 TRIPS AT 300k,BECK,303900.,15,15,0,PDS2048COMPD3,Fig. 12.76
ST8-PD-059-03,59,S2048 TRIPS AT 300k,BECK,301300.,14,14,0,PDS2048COMPD3,Fig. 12.76
ST8-PD-059-04,59,S2048 TRIPS AT 300k,BECK,306300.,15,15,0,PDS2048COMPD3,Fig. 12.76
ST8-PD-060-01,60,S2055 REPEAT,BECK,103100.,12,12,0,PDS2055REP,Fig. 12.78
ST8-PD-060-02,60,S2055 REPEAT,BECK,152700.,14,14,0,PDS2055REP,Fig. 12.78
ST8-PD-060-03,60,S2055 REPEAT,BECK,202000.,14,14,0,PDS2055REP,Fig. 12.78
ST8-PD-060-04,60,S2055 REPEAT,BECK,304800.,15,15,0,PDS2055REP,Fig. 12.78
ST8-PD-061-01,61,S2091A,JONES et al.,60800.,15,15,0,PDS2091,Fig. 12.79
ST8-PD-061-02,61,S2091A,JONES et al.,99200.,18,18,0,PDS2091,Fig. 12.79
ST8-PD-061-03,61,S2091A,JONES et al.,201500.,16,16,0,PDS2091,Fig. 12.79
ST8-PD-062-01,62,S2091B,JONES et al./SAWYER,60400.,9,9,0,PDS2091B,Fig. 12.80
ST8-PD-062-02,62,S2091B,JONES et al./SAWYER,101300.,12,12,0,PDS2091B,Fig. 12.80
ST8-PD-062-03,62,S2091B,JONES et al./SAWYER,149300.,18,18,0,PDS2091B,Fig. 12.80
ST8-PD-062-04,62,S2091B,JONES et al./SAWYER,198400.,18,18,0,PDS2091B,Fig. 12.80
ST8-PD-062-05,62,S2091B,JONES et al./SAWYER,303900.,16,16,0,PDS2091B,Fig. 12.80
ST8-PD-063-01,63,S2091B GFA,JONES et al./SAWYER,59200.,9,9,0,PDS2091BGERNEY,Fig. 12.81
ST8-PD-063-02,63,S2091B GFA,JONES et al./SAWYER,100400.,20,20,0,PDS2091BGERNEY,Fig. 12.81
ST8-PD-063-03,63,S2091B GFA,JONES et al./SAWYER,146200.,10,10,0,PDS2091BGERNEY,Fig. 12.81
ST8-PD-063-04,63,S2091B GFA,JONES et al./SAWYER,199700.,18,18,0,PDS2091BGERNEY,Fig. 12.81
ST8-PD-063-05,63,S2091B GFA,JONES et al./SAWYER,306400.,19,19,0,PDS2091BGERNEY,Fig. 12.81
ST8-PD-064-01,64,S2091B GFB,JONES et al./SAWYER,99600.,13,13,0,PDS2091BGF2,Fig. 12.82
ST8-PD-064-02,64,S2091B GFB,JONES et al./SAWYER,200000.,13,13,0,PDS2091BGF2,Fig. 12.82
ST8-PD-064-03,64,S2091B GFB,JONES et al./SAWYER,298500.,18,18,0,PDS2091BGF2,Fig. 12.82
ST8-PD-065-01,65,S2091B GFC,JONES et al./SAWYER,99800.,18,18,0,PDS2091BGF3,Fig. 12.83
ST8-PD-065-02,65,S2091B GFC,JONES et al./SAWYER,199300.,16,16,0,PDS2091BGF3,Fig. 12.83
ST8-PD-065-03,65,S2091B GFC,JONES et al./SAWYER,302700.,17,17,0,PDS2091BGF3,Fig. 12.83
ST8-PD-066-01,66,S3010,SAWYER/NANKIVIL,60900.,10,10,0,PDS3010,Fig. 12.85
ST8-PD-066-02,66,S3010,SAWYER/NANKIVIL,100500.,16,16,0,PDS3010,Fig. 12.85
ST8-PD-066-03,66,S3010,SAWYER/NANKIVIL,147400.,13,13,0,PDS3010,Fig. 12.85
ST8-PD-066-04,66,S3010,SAWYER/NANKIVIL,203900.,13,13,0,PDS3010,Fig. 12.85
ST8-PD-066-05,66,S3010,SAWYER/NANKIVIL,301000.,16,16,0,PDS3010,Fig. 12.85
ST8-PD-067-01,67,S3014,ALLEN,62000.,15,15,0,PDS3014,Fig. 12.87
ST8-PD-067-02,67,S3014,ALLEN,99900.,16,16,0,PDS3014,Fig. 12.87
ST8-PD-067-03,67,S3014,ALLEN,151500.,11,11,0,PDS3014,Fig. 12.87
ST8-PD-067-04,67,S3014,ALLEN,200800.,16,16,0,PDS3014,Fig. 12.87
ST8-PD-067-05,67,S3014,ALLEN,303700.,11,11,0,PDS3014,Fig. 12.87
ST8-PD-068-01,68,S3016,ARANA,59100.,15,15,0,PDS3016,Fig. 12.89
ST8-PD-068-02,68,S3016,ARANA,103300.,15,15,0,PDS3016,Fig. 12.89
ST8-PD-068-03,68,S3016,ARANA,152700.,15,15,0,PDS3016,Fig. 12.89
ST8-PD-068-04,68,S3016,ARANA,208900.,17,17,0,PDS3016,Fig. 12.89
ST8-PD-068-05,68,S3016,ARANA,304800.,17,17,0,PDS3016,Fig. 12.89
ST8-PD-069-01,69,S3021A,CHAMPINE,58800.,16,16,0,PDS3021,Fig. 12.90
ST8-PD-069-02,69,S3021A,CHAMPINE,99500.,16,16,0,PDS3021,Fig. 12.90
ST8-PD-069-03,69,S3021A,CHAMPINE,149300.,9,9,0,PDS3021,Fig. 12.90
ST8-PD-069-04,69,S3021A,CHAMPINE,200600.,16,16,0,PDS3021,Fig. 12.90
ST8-PD-069-05,69,S3021A,CHAMPINE,303700.,15,15,0,PDS3021,Fig. 12.90
ST8-PD-070-01,70,S3021B,MOHS,99300.,14,14,0,PDS3021B,Fig. 12.92
ST8-PD-070-02,70,S3021B,MOHS,201300.,15,15,0,PDS3021B,Fig. 12.92
ST8-PD-070-03,70,S3021B,MOHS,304800.,14,14,0,PDS3021B,Fig. 12.92
ST8-PD-071-01,71,S4061A,MILLER,60400.,15,15,0,PDS4061,Fig. 12.93
ST8-PD-071-02,71,S4061A,MILLER,99800.,15,15,0,PDS4061,Fig. 12.93
ST8-PD-071-03,71,S4061A,MILLER,200400.,16,16,0,PDS4061,Fig. 12.93
ST8-PD-072-01,72,S4061B,MICHAELIS,60200.,15,15,0,PDS4061B,Fig. 12.94
ST8-PD-072-02,72,S4061B,MICHAELIS,100000.,15,15,0,PDS4061B,Fig. 12.94
ST8-PD-072-03,72,S4061B,MICHAELIS,150800.,9,9,0,PDS4061B,Fig. 12.94
ST8-PD-072-04,72,S4061B,MICHAELIS,198900.,18,18,0,PDS4061B,Fig. 12.94
ST8-PD-072-05,72,S4061B,MICHAELIS,300300.,10,10,0,PDS4061B,Fig. 12.94
ST8-PD-073-01,73,"S4061B UST .020, .125, 45%",MICHAELIS,60900.,11,11,0,PDS4061BUST2012545,Fig. 12.95
ST8-PD-073-02,73,"S4061B UST .020, .125, 45%",MICHAELIS,100700.,13,13,0,PDS4061BUST2012545,Fig. 12.95
ST8-PD-073-03,73,"S4061B UST .020, .125, 45%",MICHAELIS,150200.,11,11,0,PDS4061BUST2012545,Fig. 12.95
ST8-PD-073-04,73,"S4061B UST .020, .125, 45%",MICHAELIS,200500.,13,13,0,PDS4061BUST2012545,Fig. 12.95
ST8-PD-073-05,73,"S4061B UST .020, .125, 45%",MICHAELIS,299700.,11,11,0,PDS4061BUST2012545,Fig. 12.95
ST8-PD-074-01,74,S4061B UST AT 150k,MICHAELIS,150800.,9,9,0,PDS4061BCOMPD5,Fig. 12.96
ST8-PD-074-02,74,S4061B UST AT 150k,MICHAELIS,150200.,11,11,0,PDS4061BCOMPD5,Fig. 12.96
ST8-PD-074-03,74,S4061B UST AT 150k,MICHAELIS,151000.,11,11,0,PDS4061BCOMPD5,Fig. 12.96
ST8-PD-075-01,75,S4061B TWO UST AT 150k AND 300k,MICHAELIS,150200.,11,11,0,PDS4061BCOM,Fig. 12.97
ST8-PD-075-02,75,S4061B TWO UST AT 150k AND 300k,MICHAELIS,151000.,11,11,0,PDS4061BCOM,Fig. 12.97
ST8-PD-075-03,75,S4061B TWO UST AT 150k AND 300k,MICHAELIS,299700.,11,11,0,PDS4061BCOM,Fig. 12.97
ST8-PD-075-04,75,S4061B TWO UST AT 150k AND 300k,MICHAELIS,301300.,10,10,0,PDS4061BCOM,Fig. 12.97
ST8-PD-076-01,76,S4062,WATSON/BOREN,59300.,15,15,0,PDS4062,Fig. 12.99
ST8-PD-076-02,76,S4062,WATSON/BOREN,98900.,15,15,0,PDS4062,Fig. 12.99
ST8-PD-076-03,76,S4062,WATSON/BOREN,150200.,17,17,0,PDS4062,Fig. 12.99
ST8-PD-076-04,76,S4062,WATSON/BOREN,201600.,17,17,0,PDS4062,Fig. 12.99
ST8-PD-076-05,76,S4062,WATSON/BOREN,304900.,11,11,0,PDS4062,Fig. 12.99
ST8-PD-077-01,77,S4180,RUMINISKI,106400.,12,12,0,PDS4180,Fig. 12.100
ST8-PD-077-02,77,S4180,RUMINISKI,201800.,11,11,0,PDS4180,Fig. 12.100
ST8-PD-077-03,77,S4180,RUMINISKI,304700.,14,14,0,PDS4180,Fig. 12.100
ST8-PD-078-01,78,S4233,CHAMPINE,60300.,5,5,0,PDS4233,Fig. 12.101
ST8-PD-078-02,78,S4233,CHAMPINE,101300.,19,19,0,PDS4233,Fig. 12.101
ST8-PD-078-03,78,S4233,CHAMPINE,127300.,15,15,0,PDS4233,Fig. 12.101
ST8-PD-078-04,78,S4233,CHAMPINE,150200.,16,16,0,PDS4233,Fig. 12.101
ST8-PD-078-05,78,S4233,CHAMPINE,200200.,16,16,0,PDS4233,Fig. 12.101
ST8-PD-078-06,78,S4233,CHAMPINE,305100.,18,18,0,PDS4233,Fig. 12.101
ST8-PD-079-01,79,"S4233 UST .020, .125, 20%",CHAMPINE,60200.,17,17,0,PDS4233UST2012520,Fig. 12.102
ST8-PD-079-02,79,"S4233 UST .020, .125, 20%",CHAMPINE,101700.,16,16,0,PDS4233UST2012520,Fig. 12.102
ST8-PD-079-03,79,"S4233 UST .020, .125, 20%",CHAMPINE,152100.,18,18,0,PDS4233UST2012520,Fig. 12.102
ST8-PD-079-04,79,"S4233 UST .020, .125, 20%",CHAMPINE,202200.,15,15,0,PDS4233UST2012520,Fig. 12.102
ST8-PD-079-05,79,"S4233 UST .020, .125, 20%",CHAMPINE,298900.,13,13,0,PDS4233UST2012520,Fig. 12.102
ST8-PD-080-01,80,SD2030,WAGNER/OLSEN,101000.,8,8,0,PDSD2030,Fig. 12.104
ST8-PD-080-02,80,SD2030,WAGNER/OLSEN,150200.,11,11,0,PDSD2030,Fig. 12.104
ST8-PD-080-03,80,SD2030,WAGNER/OLSEN,198100.,15,15,0,PDSD2030,Fig. 12.104
ST8-PD-080-04,80,SD2030,WAGNER/OLSEN,303800.,15,15,0,PDSD2030,Fig. 12.104
ST8-PD-081-01,81,SD2083,OFF,63300.,14,14,0,PDSD2083,Fig. 12.106
ST8-PD-081-02,81,SD2083,OFF,101200.,16,16,0,PDSD2083,Fig. 12.106
ST8-PD-081-03,81,SD2083,OFF,200900.,14,14,0,PDSD2083,Fig. 12.106
ST8-PD-081-04,81,SD2083,OFF,300700.,10,10,0,PDSD2083,Fig. 12.106
ST8-PD-082-01,82,SD5060,REED,60000.,15,15,0,PDSD5060,Fig. 12.107
ST8-PD-082-02,82,SD5060,REED,99800.,14,14,0,PDSD5060,Fig. 12.107
ST8-PD-082-03,82,SD5060,REED,150400.,17,17,0,PDSD5060,Fig. 12.107
ST8-PD-082-04,82,SD5060,REED,202500.,18,18,0,PDSD5060,Fig. 12.107
ST8-PD-082-05,82,SD5060,REED,304100.,15,15,0,PDSD5060,Fig. 12.107
ST8-PD-083-01,83,SD6060,FOX,59100.,17,17,0,PDSD6060,Fig. 12.109
ST8-PD-083-02,83,SD6060,FOX,100600.,16,16,0,PDSD6060,Fig. 12.109
ST8-PD-083-03,83,SD6060,FOX,155700.,17,17,0,PDSD6060,Fig. 12.109
ST8-PD-083-04,83,SD6060,FOX,199700.,15,15,0,PDSD6060,Fig. 12.109
ST8-PD-083-05,83,SD6060,FOX,307400.,14,14,0,PDSD6060,Fig. 12.109
ST8-PD-084-01,84,"SD6060 UST .020, .125, 20%",FOX,100900.,16,16,0,PDSD6060UST2012520,Fig. 12.110
ST8-PD-084-02,84,"SD6060 UST .020, .125, 20%",FOX,154200.,16,16,0,PDSD6060UST2012520,Fig. 12.110
ST8-PD-084-03,84,"SD6060 UST .020, .125, 20%",FOX,205500.,16,16,0,PDSD6060UST2012520,Fig. 12.110
ST8-PD-084-04,84,"SD6060 UST .020, .125, 20%",FOX,313800.,15,15,0,PDSD6060UST2012520,Fig. 12.110
ST8-PD-085-01,85,"SD6060 UST .020, .125, 40%",FOX,103200.,10,10,0,PDSD6060UST2012540,Fig. 12.111
ST8-PD-085-02,85,"SD6060 UST .020, .125, 40%",FOX,152000.,12,12,0,PDSD6060UST2012540,Fig. 12.111
ST8-PD-085-03,85,"SD6060 UST .020, .125, 40%",FOX,200900.,12,12,0,PDSD6060UST2012540,Fig. 12.111
ST8-PD-085-04,85,"SD6060 UST .020, .125, 40%",FOX,309100.,11,11,0,PDSD6060UST2012540,Fig. 12.111
ST8-PD-086-01,86,SD6080,HOHENSEE/MURRAY,59400.,16,16,0,PDSD6080,Fig. 12.113
ST8-PD-086-02,86,SD6080,HOHENSEE/MURRAY,100400.,16,16,0,PDSD6080,Fig. 12.113
ST8-PD-086-03,86,SD6080,HOHENSEE/MURRAY,149700.,9,9,0,PDSD6080,Fig. 12.113
ST8-PD-086-04,86,SD6080,HOHENSEE/MURRAY,200500.,16,16,0,PDSD6080,Fig. 12.113
ST8-PD-086-05,86,SD6080,HOHENSEE/MURRAY,301100.,14,14,0,PDSD6080,Fig. 12.113
ST8-PD-087-01,87,SD6080 THICK T.E.,HOHENSEE/MURRAY,98100.,10,10,0,PDSD6080THKTE,Fig. 12.117
ST8-PD-087-02,87,SD6080 THICK T.E.,HOHENSEE/MURRAY,151700.,9,9,0,PDSD6080THKTE,Fig. 12.117
ST8-PD-087-03,87,SD6080 THICK T.E.,HOHENSEE/MURRAY,200000.,11,11,0,PDSD6080THKTE,Fig. 12.117
ST8-PD-087-04,87,SD6080 THICK T.E.,HOHENSEE/MURRAY,299800.,9,9,0,PDSD6080THKTE,Fig. 12.117
ST8-PD-088-01,88,"SD6080 UST .020, .125, 10%",HOHENSEE/MURRAY,100100.,12,12,0,PDSD6080UST2012510,Fig. 12.114
ST8-PD-088-02,88,"SD6080 UST .020, .125, 10%",HOHENSEE/MURRAY,151900.,16,16,0,PDSD6080UST2012510,Fig. 12.114
ST8-PD-088-03,88,"SD6080 UST .020, .125, 10%",HOHENSEE/MURRAY,199400.,16,16,0,PDSD6080UST2012510,Fig. 12.114
ST8-PD-088-04,88,"SD6080 UST .020, .125, 10%",HOHENSEE/MURRAY,308500.,15,15,0,PDSD6080UST2012510,Fig. 12.114
ST8-PD-089-01,89,"SD6080 UST .020, .125, 20%",HOHENSEE/MURRAY,100500.,11,11,0,PDSD6080UST2012520,Fig. 12.115
ST8-PD-089-02,89,"SD6080 UST .020, .125, 20%",HOHENSEE/MURRAY,153800.,12,12,0,PDSD6080UST2012520,Fig. 12.115
ST8-PD-089-03,89,"SD6080 UST .020, .125, 20%",HOHENSEE/MURRAY,204800.,11,11,0,PDSD6080UST2012520,Fig. 12.115
ST8-PD-089-04,89,"SD6080 UST .020, .125, 20%",HOHENSEE/MURRAY,304200.,11,11,0,PDSD6080UST2012520,Fig. 12.115
ST8-PD-090-01,90,"SD6080 UST .020, .125, 30%",HOHENSEE/MURRAY,99100.,11,11,0,PDSD6080UST2012530,Fig. 12.116
ST8-PD-090-02,90,"SD6080 UST .020, .125, 30%",HOHENSEE/MURRAY,149300.,11,11,0,PDSD6080UST2012530,Fig. 12.116
ST8-PD-090-03,90,"SD6080 UST .020, .125, 30%",HOHENSEE/MURRAY,197800.,12,12,0,PDSD6080UST2012530,Fig. 12.116
ST8-PD-090-04,90,"SD6080 UST .020, .125, 30%",HOHENSEE/MURRAY,300300.,12,12,0,PDSD6080UST2012530,Fig. 12.116
ST8-PD-091-01,91,SD7003,ALLEN,60300.,9,9,0,PDSD7003,Fig. 12.118
ST8-PD-091-02,91,SD7003,ALLEN,102000.,10,10,0,PDSD7003,Fig. 12.118
ST8-PD-091-03,91,SD7003,ALLEN,151800.,10,10,0,PDSD7003,Fig. 12.118
ST8-PD-091-04,91,SD7003,ALLEN,200800.,11,11,0,PDSD7003,Fig. 12.118
ST8-PD-091-05,91,SD7003,ALLEN,300300.,15,15,0,PDSD7003,Fig. 12.118
ST8-PD-092-01,92,SD7003 REPEAT,ALLEN,99600.,15,15,0,PDSD7003REP,Fig. 12.119
ST8-PD-092-02,92,SD7003 REPEAT,ALLEN,153300.,15,15,0,PDSD7003REP,Fig. 12.119
ST8-PD-092-03,92,SD7003 REPEAT,ALLEN,201500.,14,14,0,PDSD7003REP,Fig. 12.119
ST8-PD-092-04,92,SD7003 REPEAT,ALLEN,303700.,16,16,0,PDSD7003REP,Fig. 12.119
ST8-PD-093-01,93,SD7003 BUMP SHOT TRIP 50%,ALLEN,101700.,10,10,0,PDSD7003BMPSHT50,Fig. 12.122
ST8-PD-093-02,93,SD7003 BUMP SHOT TRIP 50%,ALLEN,150600.,10,10,0,PDSD7003BMPSHT50,Fig. 12.122
ST8-PD-093-03,93,SD7003 BUMP SHOT TRIP 50%,ALLEN,205000.,10,10,0,PDSD7003BMPSHT50,Fig. 12.122
ST8-PD-093-04,93,SD7003 BUMP SHOT TRIP 50%,ALLEN,300500.,10,10,0,PDSD7003BMPSHT50,Fig. 12.122
ST8-PD-094-01,94,SD7003 BUMP SHOT TRIP 60%,ALLEN,99700.,13,13,0,PDSD7003BMPSHT60,Fig. 12.123
ST8-PD-094-02,94,SD7003 BUMP SHOT TRIP 60%,ALLEN,151800.,13,13,0,PDSD7003BMPSHT60,Fig. 12.123
ST8-PD-094-03,94,SD7003 BUMP SHOT TRIP 60%,ALLEN,202300.,13,13,0,PDSD7003BMPSHT60,Fig. 12.123
ST8-PD-094-04,94,SD7003 BUMP SHOT TRIP 60%,ALLEN,300700.,15,15,0,PDSD7003BMPSHT60,Fig. 12.123
ST8-PD-095-01,95,SD7003 BUMP SHOT TRIP 70%,ALLEN,100600.,11,11,0,PDSD7003BMPSHT70,Fig. 12.124
ST8-PD-095-02,95,SD7003 BUMP SHOT TRIP 70%,ALLEN,150200.,14,14,0,PDSD7003BMPSHT70,Fig. 12.124
ST8-PD-095-03,95,SD7003 BUMP SHOT TRIP 70%,ALLEN,201400.,13,13,0,PDSD7003BMPSHT70,Fig. 12.124
ST8-PD-095-04,95,SD7003 BUMP SHOT TRIP 70%,ALLEN,301600.,15,15,0,PDSD7003BMPSHT70,Fig. 12.124
ST8-PD-096-01,96,"SD7003 UST .020, .125, 60%",ALLEN,199500.,11,11,0,PDSD7003UST2012560,Fig. 12.120
ST8-PD-096-02,96,"SD7003 UST .020, .125, 60%",ALLEN,301600.,10,10,0,PDSD7003UST2012560,Fig. 12.120
ST8-PD-097-01,97,"SD7003 UST .020, .125, 70%",ALLEN,201200.,12,12,0,PDSD7003UST2012570,Fig. 12.121
ST8-PD-097-02,97,"SD7003 UST .020, .125, 70%",ALLEN,298000.,12,12,0,PDSD7003UST2012570,Fig. 12.121
ST8-PD-098-01,98,SD7032A SANDED BALSA FINISH,FRASER,64200.,18,18,0,PDSD7032,Fig. 12.126
ST8-PD-098-02,98,SD7032A SANDED BALSA FINISH,FRASER,104600.,16,16,0,PDSD7032,Fig. 12.126
ST8-PD-098-03,98,SD7032A SANDED BALSA FINISH,FRASER,200100.,19,19,0,PDSD7032,Fig. 12.126
ST8-PD-098-04,98,SD7032A SANDED BALSA FINISH,FRASER,301700.,13,13,0,PDSD7032,Fig. 12.126
ST8-PD-099-01,99,SD7032B,FRASER,61200.,16,16,0,PDSD7032B,Fig. 12.127
ST8-PD-099-02,99,SD7032B,FRASER,101300.,16,16,0,PDSD7032B,Fig. 12.127
ST8-PD-099-03,99,SD7032B,FRASER,203400.,16,16,0,PDSD7032B,Fig. 12.127
ST8-PD-099-04,99,SD7032B,FRASER,305400.,16,16,0,PDSD7032B,Fig. 12.127
ST8-PD-100-01,100,SD7032C F0,FRASER,62200.,14,14,0,PDSD7032F,Fig. 12.130
ST8-PD-100-02,100,SD7032C F0,FRASER,102100.,15,15,0,PDSD7032F,Fig. 12.130
ST8-PD-100-03,100,SD7032C F0,FRASER,151200.,16,16,0,PDSD7032F,Fig. 12.130
ST8-PD-100-04,100,SD7032C F0,FRASER,200300.,15,15,0,PDSD7032F,Fig. 12.130
ST8-PD-100-05,100,SD7032C F0,FRASER,302000.,17,17,0,PDSD7032F,Fig. 12.130
ST8-PD-101-01,101,SD7032C NF3,FRASER,62600.,15,15,0,PDSD7032NF3,Fig. 12.131
ST8-PD-101-02,101,SD7032C NF3,FRASER,101500.,17,17,0,PDSD7032NF3,Fig. 12.131
ST8-PD-101-03,101,SD7032C NF3,FRASER,200800.,18,18,0,PDSD7032NF3,Fig. 12.131
ST8-PD-101-04,101,SD7032C NF3,FRASER,301600.,18,18,0,PDSD7032NF3,Fig. 12.131
ST8-PD-102-01,102,SD7032C NF6,FRASER,59900.,14,14,0,PDSD7032NF6,Fig. 12.132
ST8-PD-102-02,102,SD7032C NF6,FRASER,102000.,17,17,0,PDSD7032NF6,Fig. 12.132
ST8-PD-102-03,102,SD7032C NF6,FRASER,201500.,16,16,0,PDSD7032NF6,Fig. 12.132
ST8-PD-102-04,102,SD7032C NF6,FRASER,300700.,14,14,0,PDSD7032NF6,Fig. 12.132
ST8-PD-103-01,103,SD7032C PF3,FRASER,60100.,15,15,0,PDSD7032PF3,Fig. 12.129
ST8-PD-103-02,103,SD7032C PF3,FRASER,101400.,16,16,0,PDSD7032PF3,Fig. 12.129
ST8-PD-103-03,103,SD7032C PF3,FRASER,202700.,15,15,0,PDSD7032PF3,Fig. 12.129
ST8-PD-103-04,103,SD7032C PF3,FRASER,303200.,14,14,0,PDSD7032PF3,Fig. 12.129
ST8-PD-104-01,104,SD7032C PF6,FRASER,59400.,16,16,0,PDSD7032PF6,Fig. 12.128
ST8-PD-104-02,104,SD7032C PF6,FRASER,100500.,17,17,0,PDSD7032PF6,Fig. 12.128
ST8-PD-104-03,104,SD7032C PF6,FRASER,200500.,18,18,0,PDSD7032PF6,Fig. 12.128
ST8-PD-104-04,104,SD7032C PF6,FRASER,302500.,13,13,0,PDSD7032PF6,Fig. 12.128
ST8-PD-105-01,105,SD7032D,WATSON,59200.,16,16,0,PDSD7032D,Fig. 12.134
ST8-PD-105-02,105,SD7032D,WATSON,99800.,17,17,0,PDSD7032D,Fig. 12.134
ST8-PD-105-03,105,SD7032D,WATSON,147800.,19,19,0,PDSD7032D,Fig. 12.134
ST8-PD-105-04,105,SD7032D,WATSON,199100.,18,18,0,PDSD7032D,Fig. 12.134
ST8-PD-105-05,105,SD7032D,WATSON,302600.,20,20,0,PDSD7032D,Fig. 12.134
ST8-PD-106-01,106,"SD7032D UST .020, .125, 45%",WATSON,60500.,10,10,0,PDSD7032DUST2012545,Fig. 12.135
ST8-PD-106-02,106,"SD7032D UST .020, .125, 45%",WATSON,100700.,12,12,0,PDSD7032DUST2012545,Fig. 12.135
ST8-PD-106-03,106,"SD7032D UST .020, .125, 45%",WATSON,151500.,12,12,0,PDSD7032DUST2012545,Fig. 12.135
ST8-PD-106-04,106,"SD7032D UST .020, .125, 45%",WATSON,201200.,12,12,0,PDSD7032DUST2012545,Fig. 12.135
ST8-PD-106-05,106,"SD7032D UST .020, .125, 45%",WATSON,302000.,12,12,0,PDSD7032DUST2012545,Fig. 12.135
ST8-PD-107-01,107,SD7037,MICHAELIS,62600.,13,13,0,PDSD7037,Fig. 12.136
ST8-PD-107-02,107,SD7037,MICHAELIS,103900.,14,14,0,PDSD7037,Fig. 12.136
ST8-PD-107-03,107,SD7037,MICHAELIS,153400.,14,14,0,PDSD7037,Fig. 12.136
ST8-PD-107-04,107,SD7037,MICHAELIS,204200.,15,15,0,PDSD7037,Fig. 12.136
ST8-PD-107-05,107,SD7037,MICHAELIS,302900.,14,14,0,PDSD7037,Fig. 12.136
ST8-PD-108-01,108,"SD7037 UST .020, .125, 30%",MICHAELIS,57500.,10,10,0,PDSD7037UST2012530,Fig. 12.137
ST8-PD-108-02,108,"SD7037 UST .020, .125, 30%",MICHAELIS,98700.,11,11,0,PDSD7037UST2012530,Fig. 12.137
ST8-PD-108-03,108,"SD7037 UST .020, .125, 30%",MICHAELIS,149600.,14,14,0,PDSD7037UST2012530,Fig. 12.137
ST8-PD-108-04,108,"SD7037 UST .020, .125, 30%",MICHAELIS,199800.,13,13,0,PDSD7037UST2012530,Fig. 12.137
ST8-PD-109-01,109,SD7043,WAGNER/OLSEN,61600.,16,16,0,PDSD7043,Fig. 12.138
ST8-PD-109-02,109,SD7043,WAGNER/OLSEN,103800.,16,16,0,PDSD7043,Fig. 12.138
ST8-PD-109-03,109,SD7043,WAGNER/OLSEN,154900.,16,16,0,PDSD7043,Fig. 12.138
ST8-PD-109-04,109,SD7043,WAGNER/OLSEN,204000.,18,18,0,PDSD7043,Fig. 12.138
ST8-PD-109-05,109,SD7043,WAGNER/OLSEN,303400.,13,13,0,PDSD7043,Fig. 12.138
ST8-PD-110-01,110,"SD7043 UST .020, .125, 20%",WAGNER/OLSEN,202900.,14,14,0,PDSD7043UST2012520,Fig. 12.139
ST8-PD-110-02,110,"SD7043 UST .020, .125, 20%",WAGNER/OLSEN,303700.,15,15,0,PDSD7043UST2012520,Fig. 12.139
ST8-PD-111-01,111,SD7062,WIDINER,102600.,20,20,0,PDSD7062,Fig. 12.141
ST8-PD-111-02,111,SD7062,WIDINER,149700.,20,20,0,PDSD7062,Fig. 12.141
ST8-PD-111-03,111,SD7062,WIDINER,210500.,22,22,0,PDSD7062,Fig. 12.141
ST8-PD-111-04,111,SD7062,WIDINER,305800.,19,19,0,PDSD7062,Fig. 12.141
ST8-PD-112-01,112,"SD7062 UST .020, .125, 15%",WIDINER,100800.,18,18,0,PDSD7062UST2012515,Fig. 12.142
ST8-PD-112-02,112,"SD7062 UST .020, .125, 15%",WIDINER,151700.,20,20,0,PDSD7062UST2012515,Fig. 12.142
ST8-PD-112-03,112,"SD7062 UST .020, .125, 15%",WIDINER,204500.,21,21,0,PDSD7062UST2012515,Fig. 12.142
ST8-PD-112-04,112,"SD7062 UST .020, .125, 15%",WIDINER,302700.,20,20,0,PDSD7062UST2012515,Fig. 12.142
ST8-PD-113-01,113,SD7062 PLAIN & TWO TRIPS,WIDINER,207600.,22,22,0,PDSD7062COMPD2,Fig. 12.143
ST8-PD-113-02,113,SD7062 PLAIN & TWO TRIPS,WIDINER,204900.,20,20,0,PDSD7062COMPD2,Fig. 12.143
ST8-PD-113-03,113,SD7062 PLAIN & TWO TRIPS,WIDINER,204500.,21,21,0,PDSD7062COMPD2,Fig. 12.143
ST8-PD-114-01,114,SD7080,ILLICK,62600.,15,15,0,PDSD7080,Fig. 12.144
ST8-PD-114-02,114,SD7080,ILLICK,103500.,15,15,0,PDSD7080,Fig. 12.144
ST8-PD-114-03,114,SD7080,ILLICK,149800.,20,20,0,PDSD7080,Fig. 12.144
ST8-PD-114-04,114,SD7080,ILLICK,205700.,20,20,0,PDSD7080,Fig. 12.144
ST8-PD-114-05,114,SD7080,ILLICK,301800.,20,20,0,PDSD7080,Fig. 12.144
ST8-PD-115-01,115,SD7084,ALLEN,100900.,11,11,0,PDSD7084,Fig. 12.146
ST8-PD-115-02,115,SD7084,ALLEN,152400.,13,13,0,PDSD7084,Fig. 12.146
ST8-PD-115-03,115,SD7084,ALLEN,197500.,15,15,0,PDSD7084,Fig. 12.146
ST8-PD-115-04,115,SD7084,ALLEN,303000.,16,16,0,PDSD7084,Fig. 12.146
ST8-PD-116-01,116,SD7090,WATSON,59600.,19,19,0,PDSD7090,Fig. 12.148
ST8-PD-116-02,116,SD7090,WATSON,99100.,18,18,0,PDSD7090,Fig. 12.148
ST8-PD-116-03,116,SD7090,WATSON,149000.,19,19,0,PDSD7090,Fig. 12.148
ST8-PD-116-04,116,SD7090,WATSON,199100.,18,18,0,PDSD7090,Fig. 12.148
ST8-PD-116-05,116,SD7090,WATSON,298600.,18,18,0,PDSD7090,Fig. 12.148
ST8-PD-117-01,117,"SD7090 LOOSE, TIGHT COVERING",WATSON,304000.,15,15,0,PDSD7090COVER,Fig. 12.149
ST8-PD-117-02,117,"SD7090 LOOSE, TIGHT COVERING",WATSON,298400.,14,14,0,PDSD7090COVER,Fig. 12.149
ST8-PD-118-01,118,SD7090 VARIOUS TRIPS,WATSON,302500.,16,16,0,PDSD7090TRIPS,Fig. 12.150
ST8-PD-118-02,118,SD7090 VARIOUS TRIPS,WATSON,305900.,15,15,0,PDSD7090TRIPS,Fig. 12.150
ST8-PD-118-03,118,SD7090 VARIOUS TRIPS,WATSON,304600.,16,16,0,PDSD7090TRIPS,Fig. 12.150
ST8-PD-118-04,118,SD7090 VARIOUS TRIPS,WATSON,300000.,11,11,0,PDSD7090TRIPS,Fig. 12.150
ST8-PD-118-05,118,SD7090 VARIOUS TRIPS,WATSON,304000.,15,15,0,PDSD7090TRIPS,Fig. 12.150
ST8-PD-119-01,119,SD8000,WAGNER/OLSEN,62500.,14,14,0,PDSD8000,Fig. 12.152
ST8-PD-119-02,119,SD8000,WAGNER/OLSEN,102500.,15,15,0,PDSD8000,Fig. 12.152
ST8-PD-119-03,119,SD8000,WAGNER/OLSEN,154500.,15,15,0,PDSD8000,Fig. 12.152
ST8-PD-119-04,119,SD8000,WAGNER/OLSEN,200000.,14,14,0,PDSD8000,Fig. 12.152
ST8-PD-119-05,119,SD8000,WAGNER/OLSEN,302300.,14,14,0,PDSD8000,Fig. 12.152
ST8-PD-120-01,120,"SD8000 UST .020, .125, 20%",WAGNER/OLSEN,104900.,11,11,0,PDSD8000UST2012520,Fig. 12.153
ST8-PD-120-02,120,"SD8000 UST .020, .125, 20%",WAGNER/OLSEN,153800.,14,14,0,PDSD8000UST2012520,Fig. 12.153
ST8-PD-120-03,120,"SD8000 UST .020, .125, 20%",WAGNER/OLSEN,206500.,15,15,0,PDSD8000UST2012520,Fig. 12.153
ST8-PD-120-04,120,"SD8000 UST .020, .125, 20%",WAGNER/OLSEN,311100.,13,13,0,PDSD8000UST2012520,Fig. 12.153
ST8-PD-121-01,121,"SD8000 UST .020, .125, 40%",WAGNER/OLSEN,99900.,11,11,0,PDSD8000UST2012540,Fig. 12.154
ST8-PD-121-02,121,"SD8000 UST .020, .125, 40%",WAGNER/OLSEN,152200.,11,11,0,PDSD8000UST2012540,Fig. 12.154
ST8-PD-121-03,121,"SD8000 UST .020, .125, 40%",WAGNER/OLSEN,202100.,11,11,0,PDSD8000UST2012540,Fig. 12.154
ST8-PD-121-04,121,"SD8000 UST .020, .125, 40%",WAGNER/OLSEN,301300.,11,11,0,PDSD8000UST2012540,Fig. 12.154
ST8-PD-122-01,122,"SD8000 UST .020, .125, 70%",WAGNER/OLSEN,101300.,9,9,0,PDSD8000UST2012570,Fig. 12.155
ST8-PD-122-02,122,"SD8000 UST .020, .125, 70%",WAGNER/OLSEN,150500.,12,12,0,PDSD8000UST2012570,Fig. 12.155
ST8-PD-122-03,122,"SD8000 UST .020, .125, 70%",WAGNER/OLSEN,200800.,13,13,0,PDSD8000UST2012570,Fig. 12.155
ST8-PD-122-04,122,"SD8000 UST .020, .125, 70%",WAGNER/OLSEN,306100.,11,11,0,PDSD8000UST2012570,Fig. 12.155
ST8-PD-123-01,123,SD8020,WAGNER/OLSEN,59800.,19,19,0,PDSD8020,Fig. 12.157
ST8-PD-123-02,123,SD8020,WAGNER/OLSEN,100500.,18,18,0,PDSD8020,Fig. 12.157
ST8-PD-123-03,123,SD8020,WAGNER/OLSEN,151200.,18,18,0,PDSD8020,Fig. 12.157
ST8-PD-123-04,123,SD8020,WAGNER/OLSEN,201100.,18,18,0,PDSD8020,Fig. 12.157
ST8-PD-123-05,123,SD8020,WAGNER/OLSEN,306700.,13,13,0,PDSD8020,Fig. 12.157
ST8-PD-124-01,124,SD8040,OFF,62100.,10,10,0,PDSD8040,Fig. 12.159
ST8-PD-124-02,124,SD8040,OFF,102300.,11,11,0,PDSD8040,Fig. 12.159
ST8-PD-124-03,124,SD8040,OFF,150300.,11,11,0,PDSD8040,Fig. 12.159
ST8-PD-124-04,124,SD8040,OFF,204900.,11,11,0,PDSD8040,Fig. 12.159
ST8-PD-124-05,124,SD8040,OFF,301800.,12,12,0,PDSD8040,Fig. 12.159
ST8-PD-125-01,125,SPICA,C. ANDERSON,59900.,9,9,0,PDSP,Fig. 12.160
ST8-PD-125-02,125,SPICA,C. ANDERSON,99600.,18,18,0,PDSP,Fig. 12.160
ST8-PD-125-03,125,SPICA,C. ANDERSON,202300.,19,19,0,PDSP,Fig. 12.160
ST8-PD-125-04,125,SPICA,C. ANDERSON,301500.,9,9,0,PDSP,Fig. 12.160
ST8-PD-126-01,126,WB135/35,BLANCHARD,61300.,16,16,0,PDWB135,Fig. 12.162
ST8-PD-126-02,126,WB135/35,BLANCHARD,100500.,20,20,0,PDWB135,Fig. 12.162
ST8-PD-126-03,126,WB135/35,BLANCHARD,155700.,17,17,0,PDWB135,Fig. 12.162
ST8-PD-126-04,126,WB135/35,BLANCHARD,204000.,24,24,0,PDWB135,Fig. 12.162
ST8-PD-126-05,126,WB135/35,BLANCHARD,302700.,9,9,0,PDWB135,Fig. 12.162
ST8-PD-127-01,127,WB140/35/FB,BLANCHARD,98500.,19,19,0,PDWB140,Fig. 12.164
ST8-PD-127-02,127,WB140/35/FB,BLANCHARD,153900.,18,18,0,PDWB140,Fig. 12.164
ST8-PD-127-03,127,WB140/35/FB,BLANCHARD,200500.,20,20,0,PDWB140,Fig. 12.164
ST8-PD-127-04,127,WB140/35/FB,BLANCHARD,307600.,16,16,0,PDWB140,Fig. 12.164
