reynolds,alpha_deg,cl,cd,source_member,source_line
100029.0,-5.25,-0.292,0.0472,volume04/e387_c_drg.txt,13
100029.0,-4.24,-0.156,0.0293,volume04/e387_c_drg.txt,14
100029.0,-3.12,-0.001,0.022,volume04/e387_c_drg.txt,15
100029.0,-2.13,0.139,0.0187,volume04/e387_c_drg.txt,16
100029.0,-1.11,0.238,0.0174,volume04/e387_c_drg.txt,17
100029.0,-0.08,0.339,0.0202,volume04/e387_c_drg.txt,18
100029.0,0.95,0.435,0.0229,volume04/e387_c_drg.txt,19
100029.0,1.96,0.53,0.0266,volume04/e387_c_drg.txt,20
100029.0,3.0,0.623,0.029,volume04/e387_c_drg.txt,21
100029.0,4.0,0.715,0.0317,volume04/e387_c_drg.txt,22
100029.0,5.04,0.825,0.0278,volume04/e387_c_drg.txt,23
100029.0,6.04,0.928,0.0239,volume04/e387_c_drg.txt,24
100029.0,7.07,1.032,0.0218,volume04/e387_c_drg.txt,25
100029.0,8.11,1.13,0.0215,volume04/e387_c_drg.txt,26
100029.0,9.17,1.176,0.0269,volume04/e387_c_drg.txt,27
100029.0,10.11,1.185,0.0363,volume04/e387_c_drg.txt,28
100029.0,11.14,1.188,0.0526,volume04/e387_c_drg.txt,29
199879.0,-6.24,-0.332,0.0705,volume04/e387_c_drg.txt,37
199879.0,-5.2,-0.138,0.0352,volume04/e387_c_drg.txt,38
199879.0,-4.17,-0.015,0.0192,volume04/e387_c_drg.txt,39
199879.0,-3.14,0.081,0.015,volume04/e387_c_drg.txt,40
199879.0,-2.14,0.178,0.0125,volume04/e387_c_drg.txt,41
199879.0,-1.09,0.271,0.0102,volume04/e387_c_drg.txt,42
199879.0,-0.05,0.381,0.0104,volume04/e387_c_drg.txt,43
199879.0,0.97,0.483,0.011,volume04/e387_c_drg.txt,44
199879.0,2.01,0.593,0.0118,volume04/e387_c_drg.txt,45
199879.0,3.0,0.698,0.0126,volume04/e387_c_drg.txt,46
199879.0,4.09,0.806,0.0134,volume04/e387_c_drg.txt,47
199879.0,5.02,0.902,0.0138,volume04/e387_c_drg.txt,48
199879.0,6.09,1.017,0.014,volume04/e387_c_drg.txt,49
199879.0,7.14,1.119,0.0149,volume04/e387_c_drg.txt,50
199879.0,8.15,1.191,0.0181,volume04/e387_c_drg.txt,51
199879.0,9.18,1.226,0.0265,volume04/e387_c_drg.txt,52
199879.0,10.12,1.234,0.0358,volume04/e387_c_drg.txt,53
199879.0,11.18,1.227,0.055,volume04/e387_c_drg.txt,54
199879.0,12.2,1.218,0.0774,volume04/e387_c_drg.txt,55
300289.0,-6.25,-0.304,0.0669,volume04/e387_c_drg.txt,63
300289.0,-5.21,-0.139,0.0341,volume04/e387_c_drg.txt,64
300289.0,-4.18,-0.028,0.0169,volume04/e387_c_drg.txt,65
300289.0,-3.2,0.064,0.0131,volume04/e387_c_drg.txt,66
300289.0,-2.07,0.184,0.011,volume04/e387_c_drg.txt,67
300289.0,-1.11,0.288,0.0092,volume04/e387_c_drg.txt,68
300289.0,-0.04,0.393,0.0083,volume04/e387_c_drg.txt,69
300289.0,1.02,0.502,0.0088,volume04/e387_c_drg.txt,70
300289.0,1.96,0.61,0.0092,volume04/e387_c_drg.txt,71
300289.0,3.02,0.714,0.0098,volume04/e387_c_drg.txt,72
300289.0,4.0,0.817,0.0105,volume04/e387_c_drg.txt,73
300289.0,5.06,0.935,0.0112,volume04/e387_c_drg.txt,74
300289.0,6.11,1.041,0.0115,volume04/e387_c_drg.txt,75
300289.0,7.15,1.135,0.0131,volume04/e387_c_drg.txt,76
300289.0,8.14,1.201,0.0176,volume04/e387_c_drg.txt,77
300289.0,9.15,1.241,0.0246,volume04/e387_c_drg.txt,78
300289.0,10.12,1.25,0.0343,volume04/e387_c_drg.txt,79
300289.0,11.16,1.245,0.0537,volume04/e387_c_drg.txt,80
300289.0,12.17,1.236,0.0774,volume04/e387_c_drg.txt,81
349865.0,-6.25,-0.288,0.0647,volume04/e387_c_drg.txt,89
349865.0,-5.18,-0.144,0.0337,volume04/e387_c_drg.txt,90
349865.0,-4.19,-0.038,0.0164,volume04/e387_c_drg.txt,91
349865.0,-3.15,0.071,0.0123,volume04/e387_c_drg.txt,92
349865.0,-2.11,0.18,0.0106,volume04/e387_c_drg.txt,93
349865.0,-1.16,0.277,0.009,volume04/e387_c_drg.txt,94
349865.0,-0.05,0.389,0.0078,volume04/e387_c_drg.txt,95
349865.0,0.94,0.493,0.0081,volume04/e387_c_drg.txt,96
349865.0,1.97,0.605,0.0085,volume04/e387_c_drg.txt,97
349865.0,3.0,0.714,0.0091,volume04/e387_c_drg.txt,98
349865.0,4.03,0.833,0.0098,volume04/e387_c_drg.txt,99
349865.0,5.08,0.942,0.0104,volume04/e387_c_drg.txt,100
349865.0,6.08,1.045,0.0111,volume04/e387_c_drg.txt,101
349865.0,7.08,1.134,0.0128,volume04/e387_c_drg.txt,102
349865.0,8.11,1.2,0.0177,volume04/e387_c_drg.txt,103
349865.0,9.11,1.24,0.0238,volume04/e387_c_drg.txt,104
349865.0,10.14,1.249,0.0347,volume04/e387_c_drg.txt,105
349865.0,11.15,1.245,0.0564,volume04/e387_c_drg.txt,106
349865.0,12.14,1.238,0.0781,volume04/e387_c_drg.txt,107
459961.0,-6.23,-0.292,0.0651,volume04/e387_c_drg.txt,115
459961.0,-5.2,-0.15,0.0341,volume04/e387_c_drg.txt,116
459961.0,-4.16,-0.04,0.0145,volume04/e387_c_drg.txt,117
459961.0,-3.13,0.064,0.0114,volume04/e387_c_drg.txt,118
459961.0,-2.13,0.172,0.0099,volume04/e387_c_drg.txt,119
459961.0,-1.08,0.28,0.0085,volume04/e387_c_drg.txt,120
459961.0,-0.09,0.382,0.0069,volume04/e387_c_drg.txt,121
459961.0,0.96,0.5,0.0072,volume04/e387_c_drg.txt,122
459961.0,1.98,0.611,0.0075,volume04/e387_c_drg.txt,123
459961.0,3.0,0.721,0.0079,volume04/e387_c_drg.txt,124
459961.0,4.03,0.835,0.0087,volume04/e387_c_drg.txt,125
459961.0,5.12,0.948,0.0094,volume04/e387_c_drg.txt,126
459961.0,6.09,1.045,0.0101,volume04/e387_c_drg.txt,127
459961.0,7.15,1.132,0.0128,volume04/e387_c_drg.txt,128
459961.0,8.18,1.195,0.0172,volume04/e387_c_drg.txt,129
459961.0,9.12,1.236,0.0224,volume04/e387_c_drg.txt,130
459961.0,10.14,1.255,0.0318,volume04/e387_c_drg.txt,131
459961.0,11.12,1.252,0.0543,volume04/e387_c_drg.txt,132
459961.0,12.16,1.242,0.079,volume04/e387_c_drg.txt,133
500094.0,-6.2,-0.289,0.0643,volume04/e387_c_drg.txt,141
500094.0,-5.18,-0.155,0.0352,volume04/e387_c_drg.txt,142
500094.0,-4.15,-0.04,0.0139,volume04/e387_c_drg.txt,143
500094.0,-3.2,0.056,0.0114,volume04/e387_c_drg.txt,144
500094.0,-2.16,0.171,0.0097,volume04/e387_c_drg.txt,145
500094.0,-1.09,0.276,0.0085,volume04/e387_c_drg.txt,146
500094.0,-0.04,0.388,0.0067,volume04/e387_c_drg.txt,147
500094.0,0.88,0.497,0.0068,volume04/e387_c_drg.txt,148
500094.0,1.97,0.613,0.0072,volume04/e387_c_drg.txt,149
500094.0,2.98,0.72,0.0077,volume04/e387_c_drg.txt,150
500094.0,4.02,0.833,0.0084,volume04/e387_c_drg.txt,151
500094.0,5.08,0.941,0.0091,volume04/e387_c_drg.txt,152
500094.0,6.11,1.047,0.0099,volume04/e387_c_drg.txt,153
500094.0,7.15,1.129,0.0128,volume04/e387_c_drg.txt,154
500094.0,8.14,1.195,0.0169,volume04/e387_c_drg.txt,155
500094.0,9.14,1.244,0.0226,volume04/e387_c_drg.txt,156
500094.0,10.09,1.259,0.03,volume04/e387_c_drg.txt,157
500094.0,11.17,1.257,0.0548,volume04/e387_c_drg.txt,158
500094.0,12.13,1.248,0.0804,volume04/e387_c_drg.txt,159
