archive,member,uncompressed_bytes,sha256
volume01,volume01/ACK01.TXT,11416,675ffe5d3947bf0e4affcf3db36d914ed7e5bb438ba48ac63a1874052d93e51f
volume01,volume01/BOOK01.TXT,1951,f23092e02c705a8d86f191e54a071441adbf23efacc4311276764d8a9825636b
volume01,volume01/COORD01.TXT,115056,b872d0a8c27d39d10b4f3ba454c96f1dc260950d2a13395fbe7f4f36e38182b4
volume01,volume01/DATA01.PDF,139103,d8ea666ac96095fc7374ae4b652c9177141f3b48a79c601ed3a95cf609741a9e
volume01,volume01/DRAG01.TXT,145032,ffe33dd94d41243b219dbc3c46a78daafd057332b6e36a7e86c6d19ac64223e0
volume01,volume01/FORMAT01.TXT,6989,070c40f0a526f192cb87ea238176506732af9f9d9d0f8a428bacab316543c959
volume01,volume01/GPL.TXT,18657,ac88d8b5251b5b4e8340aad3abfc9eb01e91ce4d8564c4b883047d9b23e601b2
volume01,volume01/LIFT01.TXT,312595,dd952c36845bb6ae454e5dab4169678501c42eb45a5ca048a51f39cefff6df51
volume01,volume01/MANIFEST.TXT,11516,6a3afb2beec4a01c3e1bfb1dfb2ec1a11c732ad2108faaa04522dd42b4c6037a
volume01,volume01/OLD2NEW01.TXT,1700,b956e5494f83c5e961e808f58749762ed62da3a2f1ecdd41404b4dd73172bec0
volume01,volume01/README01.TXT,6987,c2c060982090b913c6af09f76e0b0759ce23ae32d96a49b8bd553a4fb5c76fd3
volume02,volume02/ACK02.TXT,13897,d24a8e6e655775a07e7487389c903fa9d0e776c5df8c1202f67a7a5f97910484
volume02,volume02/BOOK02.TXT,3046,60c1ec5d8bf7e1044d45b7f8f9fce3325b76d835c93852a3ddce46c2be49de4b
volume02,volume02/COORD02.TXT,93567,1639fee63bb33790c3a7f9388741146a6b9b39e7cd94a19497259cfa5f9d379d
volume02,volume02/DATA02.PDF,135054,b4dea734a2ef80ac46813936b48f40986cc5a5b1d1ce46c2e82d7a95f165d16c
volume02,volume02/DRAG02.TXT,140543,dceeaca3d3af167c3648d3cd5fb183bd99b0aca056d81de92058c007a7675832
volume02,volume02/FORMAT02.TXT,6989,070c40f0a526f192cb87ea238176506732af9f9d9d0f8a428bacab316543c959
volume02,volume02/GPL.TXT,18657,ac88d8b5251b5b4e8340aad3abfc9eb01e91ce4d8564c4b883047d9b23e601b2
volume02,volume02/LIFT02.TXT,235475,7cc3e7000580cac4d4cbd0c8af224c8bfe0e1dd8d67d56fba1c600642930b48f
volume02,volume02/MANIFEST.TXT,11516,6a3afb2beec4a01c3e1bfb1dfb2ec1a11c732ad2108faaa04522dd42b4c6037a
volume02,volume02/OLD2NEW02.TXT,1863,3ab24b20146587c0e5bb91733e742f4cc689fe99319aee48ebc7935a251166f6
volume02,volume02/README02.TXT,7035,666571a88de61c663ad7ecb105706f71a4a0ac7220dc928785e61fdecf7ad93d
volume03,volume03/ACK03.TXT,9691,50d6347f5fbdbbd57570585d3c9d749370b744893e9121cc222d213568f5799e
volume03,volume03/BOOK03.TXT,7725,9c57eae8372aa26596caeb1248fcedbacf7bd81d6cb54d0b4af920204a1626a0
volume03,volume03/COORD03.TXT,176403,60678d2d87f31a0386bdce4a86baf799aed7bb7e49e8210bd1ec8eb62bf425e9
volume03,volume03/DATA03.PDF,155263,bcd0d11c9072628ffaf91d60ededad41aa023cba020e5dd1833fbb70fcee3efa
volume03,volume03/DRAG03.TXT,292496,b75e98b6ffd88e3f049434a9a1e4c4f3abeee1db04564ddaff98bc7cf92df1f1
volume03,volume03/FORMAT03.TXT,6989,070c40f0a526f192cb87ea238176506732af9f9d9d0f8a428bacab316543c959
volume03,volume03/GPL.TXT,18657,ac88d8b5251b5b4e8340aad3abfc9eb01e91ce4d8564c4b883047d9b23e601b2
volume03,volume03/LIFT03.TXT,404768,5d519bfca6da6aabfeb9d267b9fcf0094a8635b5f5633a236dd5b49832a29ec7
volume03,volume03/MANIFEST.TXT,8833,51147d48fea1bb6a4840bfb14540576fca48d2b45a1f7fe91c4be0909c93c60f
volume03,volume03/README03.TXT,6484,ba3665c95507cde1d80ad605ffeb88fac8afb702e94f5449421da02d92697b42
volume04,volume04/e387_c_drg.txt,12122,ffd629b2baec8eca82d155081f0f0d9a0d8a496cf4ee0a7c300773d9ff55fb76
volume04,volume04/e387_c_lft.txt,9678,0481408e362b56ebda6483e20985e42c212237cd92109ad75833ce67d5dd675d
volume04,volume04/e387_tf_drg.txt,8220,f58c05ae9c7732a2cd73381bf191ea8fe13401823695eea5bb3feea422b9c591
volume04,volume04/e387_tf_lft.txt,7070,e71b0bc8adabbadf46c3d48eeac78a54352f1963f536d92cb0cb8d8b70889785
volume04,volume04/fx63137_c_drg.txt,11753,50d744c27779ed0d646cdbc06bd65538a4849047e9e8c4f9b541dd30104073d6
volume04,volume04/fx63137_c_lft.txt,8898,aaad62102c6546160047c5b200f85f93ef3005cba017d1e68618b176b7bf2a29
volume04,volume04/fx63137_tf_drg.txt,10448,09d323d64b079b5da44917ef6cb445a1b0827a9f2584996ea75616956f6f60df
volume04,volume04/fx63137_tf_lft.txt,8950,3285180f494c37bb758942e8be6d601689899a2315ac7fd9e29e47078724b2ac
volume04,volume04/s822_c_drg.txt,13202,8ccea55d36aeba0cf531e161b67f68f7e8c64d4f0049eb36f39c9b8babad3125
volume04,volume04/S822_c_lft.txt,9182,cc22e60d02459c12f95459d1fc30043d7be0d04d10e2b41be35ed3a1a62515ce
volume04,volume04/s822_tf_drg.txt,12961,1b1d1a5f8d12180305a25eaadf0968d0365b0713a41d556207a5bb3efb30fef5
volume04,volume04/s822_tf_lft.txt,9233,d55d128484e2c518c972d84ea5f02ee31a34cd28efcf42a91e6d432ac7961689
volume04,volume04/s834_c_drg.txt,12518,114793491cca3640dbed9d25992a68c38bab08f95580b95fcaf1b551d0a75aea
volume04,volume04/s834_c_lft.txt,9884,6332438f7e334960cb971f46eda6c5a68207281f48ea83ad4441a52029b720fe
volume04,volume04/s834_tf_drg.txt,12764,87be26b6cf4875dde26b746029a52a19ec893e2781ccf419535282880303b4fd
volume04,volume04/s834_tf_lft.txt,9934,18981c9412ded450f913978dcdc8993abd5e8a41318e6d8f9d6c31bc1e07ed8b
volume04,volume04/sd2030_c_drg.txt,8913,7ac35c9c66774993586487ac9a487a0b85101179a2c998bc1e3564c676b830ed
volume04,volume04/sd2030_c_lft.txt,6451,e17aef42ddcf24253bae56f675430f6722c1fa83cf0504cee8a0b1ff78540d00
volume04,volume04/sd2030_tf_drg.txt,8321,aa6462b2b6289bba77446ca463a41a78b15092246a125a447e90784f9b70d717
volume04,volume04/sd2030_tf_lft.txt,6658,8ffb8e27b19b5503a340d5f992f91ac884c40f0f81162e7cafa4f6bec7b91398
volume04,volume04/sh3055_c_drg.txt,9624,59c60eac75876a9eb589da52cd5a0c35c33179ef3042972e896acf13d0d29005
volume04,volume04/sh3055_c_lft.txt,7145,7b1db942a3323e9ec1608ca59fc5ad7721694ac950a6520fe3f78966448d12f7
volume04,volume04/sh3055_tf_drg.txt,9190,92e2ce0e0a9d99651acc562b0e3200183bd1b79b4d11ccf26b9de4531f5de52b
volume04,volume04/sh3055_tf_lft.txt,7196,36bd27afda5b3ecf53965d3a7b6939c357ba36ff352950b31672368ec77baaac
volume04,volume04/xls/e387_c_drg.xls,9900,33c5cc2bf8ea83f8afdcb4e1e6656c3fd89de8305043fe3c9ef1d44b0f8cf24f
volume04,volume04/xls/e387_c_lft.xls,9678,0481408e362b56ebda6483e20985e42c212237cd92109ad75833ce67d5dd675d
volume04,volume04/xls/e387_tf_drg.xls,6732,6877a8840747c0c9e805b4ae2cc0adf5b84925b42e8fd1a8592843079ba3f8de
volume04,volume04/xls/e387_tf_lft.xls,7070,e71b0bc8adabbadf46c3d48eeac78a54352f1963f536d92cb0cb8d8b70889785
volume04,volume04/xls/fx63137_c_drg.xls,9562,5e0fdf367a6ced4bfef88eb2e38684134afcd08f12bb4ae941d4a291b5d6f951
volume04,volume04/xls/fx63137_c_lft.xls,8898,aaad62102c6546160047c5b200f85f93ef3005cba017d1e68618b176b7bf2a29
volume04,volume04/xls/fx63137_tf_drg.xls,8535,316b61e09b86360114271fb2deecb137be61aa5b4712fb5999b27f268a60bbc1
volume04,volume04/xls/fx63137_tf_lft.xls,8950,3285180f494c37bb758942e8be6d601689899a2315ac7fd9e29e47078724b2ac
volume04,volume04/xls/s822_c_drg.xls,10749,0e1c6194e7ee91a60fe03084c1b2857390980348e7567c79a95f64931ee985ce
volume04,volume04/xls/s822_c_lft.xls,9182,cc22e60d02459c12f95459d1fc30043d7be0d04d10e2b41be35ed3a1a62515ce
volume04,volume04/xls/s822_tf_drg.xls,10569,4ebda82f1c07c051b36be82527047da4e67009cc3bc8c7a4a347a03be8c86d30
volume04,volume04/xls/s822_tf_lft.xls,9233,d55d128484e2c518c972d84ea5f02ee31a34cd28efcf42a91e6d432ac7961689
volume04,volume04/xls/s834_c_drg.xls,10206,b62457d104ba6f74c50d63306443182e422bf46bd88a15d3198e1769ce57f089
volume04,volume04/xls/s834_c_lft.xls,9884,6332438f7e334960cb971f46eda6c5a68207281f48ea83ad4441a52029b720fe
volume04,volume04/xls/s834_tf_drg.xls,10412,32517cd3c7e817da67231f20c6206ca6d87e5c49c5f58e7822f203388de11cc3
volume04,volume04/xls/s834_tf_lft.xls,9934,18981c9412ded450f913978dcdc8993abd5e8a41318e6d8f9d6c31bc1e07ed8b
volume04,volume04/xls/sd2030_c_drg.xls,7390,73deeeb645296766443dc3d49d3effcaee863e84b6dfe5384e5c93a72d518425
volume04,volume04/xls/sd2030_c_lft.xls,6451,e17aef42ddcf24253bae56f675430f6722c1fa83cf0504cee8a0b1ff78540d00
volume04,volume04/xls/sd2030_tf_drg.xls,6818,ed5e2081c4ba5fba4df9b8d63c07a29988b7ae9255ed755817e7bdd981ad9c18
volume04,volume04/xls/sd2030_tf_lft.xls,6658,8ffb8e27b19b5503a340d5f992f91ac884c40f0f81162e7cafa4f6bec7b91398
volume04,volume04/xls/sh3055_c_drg.xls,7832,296eb28e8123365d57ebcaa046e8b9fcd9e03f02fa6a912b737f398b6644bfe1
volume04,volume04/xls/sh3055_c_lft.xls,7145,7b1db942a3323e9ec1608ca59fc5ad7721694ac950a6520fe3f78966448d12f7
volume04,volume04/xls/sh3055_tf_drg.xls,7502,565c7e6670b2f5129e663a2368a70a035a74da53e7ccc1d8ff827b21aef4ff00
volume04,volume04/xls/sh3055_tf_lft.xls,7196,36bd27afda5b3ecf53965d3a7b6939c357ba36ff352950b31672368ec77baaac
volume05,volume05/ag12_drag.dat,13076,c0195c2fb72aa8e25888dd6f688e21300ea24899bb8bc6d2c5629f3f88a8e7d6
volume05,volume05/ag12_lift.dat,7077,5768675d69f502e5d4083e3f003c168eb6fcb774fc138ba941173e4b7d58ac85
volume05,volume05/ag16_drag.dat,13174,ce5a1306fb027af2893ac61e9048c1cc88a8756e7afa05918909a1c24e992135
volume05,volume05/ag16_lift.dat,7077,f8a6028b1020db128e88b4722fa476988c263ae91f5597abbc13d4b80714a68f
volume05,volume05/ag24_drag.dat,17277,323bd975a5f9454c98acb57c1b8792043ecdabfcb1f45cd79d6fed8a2ec97efb
volume05,volume05/ag24_lift.dat,11928,1b9d6475689f6ffd9e55e830409744af869252c161ce443bc0bdf781a2475e62
volume05,volume05/ag35-r_drag.dat,14838,99cf82e2f1649524fd32cf0a3a69fc8d38bcdd9a39f5fe30a0ee88788379d2d4
volume05,volume05/ag35-r_lift.dat,8794,53d8714e1c4d0d9ccb52d2ca4f36ab59e2ab5973a64ff834b7c26e92ab9ed749
volume05,volume05/ag40d-02r_fn10_drag.dat,2159,107f3daaedbc902046fd4148c027dc99f776bfd6b7d67a75ac56d7609f167f42
volume05,volume05/ag40d-02r_fn10_lift.dat,1241,a00568b48952a76e3279089d5004e642f9d5d971a864f618c86f2e847b44980b
volume05,volume05/ag40d-02r_fn15_drag.dat,2061,bae24dd2a2921be1cf751b8a5933092041c035c1980696adc6b419ac9f82984f
volume05,volume05/ag40d-02r_fn15_lift.dat,1190,23db35ccef41f7d6e7b47de9c73be778be54aba64ad542e5b3f1542bd26308c1
volume05,volume05/ag40d-02r_fn2_drag.dat,13204,5c2dbaa491631b77cfb52db5c4bd9506af5021a2812461ae9af219509fa73541
volume05,volume05/ag40d-02r_fn2_lift.dat,7107,ea194324ad7adab7ce76aa1639964ffa83b93b65b7524fbfd139eb176c9dca04
volume05,volume05/ag40d-02r_fn5_drag.dat,2156,92e19b881536f79b9c92b9d6258a077cdf069667b6e58990dc62d147f55c9306
volume05,volume05/ag40d-02r_fn5_lift.dat,1288,9b6ade2228b45005e4bdaf6334384dc46576fc2c9ca0b1ecc365daf1b6113e5a
volume05,volume05/ag40d-02r_fp0_drag.dat,12517,914228ee0c746e0c4a3e648ec03dd04ceb4e8650fcdc37f1b0b36ec7be1a3458
volume05,volume05/ag40d-02r_fp0_lift.dat,6757,43d6bfcbdb36a6fb029fc2b22ee93bcc546be7a0db576db426098b084562343a
volume05,volume05/ag40d-02r_fp10_drag.dat,2452,d8d019ab480c293f20506e601becf3f78fa3a2cc8d6e71a8e8be3a89f02667a7
volume05,volume05/ag40d-02r_fp10_lift.dat,1389,5168c76d1be4887477c7f20c4541179643f05a7c6f0e4e33be87d2b507d0c488
volume05,volume05/ag40d-02r_fp15_drag.dat,2355,ed074b40dde067b9aa453af87ec59449f90293605f69107b2bef4d5a525cdf64
volume05,volume05/ag40d-02r_fp15_lift.dat,1339,084b8bcff2fc67890433bf0521bc02374eea829096add7ce1740b01b69f65a4b
volume05,volume05/ag40d-02r_fp20_drag.dat,1963,8d3a03acfe0b959069f30b094ef1102c2ce35f08e8cf0dbc3b4c7056b8ad38bd
volume05,volume05/ag40d-02r_fp20_lift.dat,1489,8927e01a99d050573b6a87232dda3968f419cec50b742e83df99178084e6f38d
volume05,volume05/ag40d-02r_fp2_drag.dat,12522,48cab0e33a8711f9afd6661abd3327eb5fd82fbc77b23e1318760625327dbd0d
volume05,volume05/ag40d-02r_fp2_lift.dat,6719,dfdc6ce73559b78b3e30301a43e7e530369e95ed4465fd9e73aa8859b5e344c7
volume05,volume05/ag40d-02r_fp30_lift.dat,1489,96c9a133a98e7a387ee683a242f206ed54925257bcc0e602ee56c4589b55cd12
volume05,volume05/ag40d-02r_fp4_drag.dat,12522,cf8ebd6ae7a3047b746fb4d615bde3b5855a6d3b6a8c62c56f429b252c9c3db3
volume05,volume05/ag40d-02r_fp4_lift.dat,6719,01577e47228fe3b752ab2a7c7f42f118991587112ece4a8e08d3b5c5584bbd42
volume05,volume05/ag40d-02r_fp5_drag.dat,2253,0adc12638280934beaa9a6ae75c36f4947e6c06bbc57842a3996fcb96a62783f
volume05,volume05/ag40d-02r_fp5_lift.dat,1286,e198f51df4de76c3901949b4858be0d10e4f0443b0bd4263dddd238b5ae62eb0
volume05,volume05/ag40d-02r_gs_fn2_drag.dat,7844,1f0309434fa58565e85c23f03c608b78f980cecd2b304e329e05ca88edb8f1df
volume05,volume05/ag40d-02r_gs_fn2_lift.dat,4364,e403dc145eff56f7d973ac631245b7cb556c79256289efcae47654f21ea54859
volume05,volume05/ag40d-02r_gs_fp0_drag.dat,5984,02ecf75e89eb2b84b8c748e11f84058a36f5511682c9d8314ec86ff11b92ec3e
volume05,volume05/ag40d-02r_gs_fp0_lift.dat,3374,7bc2de093f0e5d79701ec81b3fb0d124797bc088be598254c8c652c657b25dd7
volume05,volume05/ag40d-02r_gs_fp4_drag.dat,6375,b988425e6f2a9ce5b392ab1465d77588fb92469a2e277ba449b6f062164635ce
volume05,volume05/ag40d-02r_gs_fp4_lift.dat,3475,f3abec97e004b2fcf07629b30f5d5f7bd1df02d3f09a3a5fd16a9ff68206b4f9
volume05,volume05/ag455ct-02r_fn10_drag.dat,3727,afc7d659d1f1abe0acd4ce3591a6423be39cb19c3fcaff82c453be4336dcc576
volume05,volume05/ag455ct-02r_fn10_lift.dat,2084,c909d0190e5978ce02e4485b031eb1f5a319c8afc9fa378177bfb302590c0739
volume05,volume05/ag455ct-02r_fn15_drag.dat,3726,72573dedcea4c650186bd35cdd13b1228def001a0c396ba39965419c34b207ef
volume05,volume05/ag455ct-02r_fn15_lift.dat,2084,9da9b48f8da5c0794708c915918533388dec217c430d6ea73381e1ab652feb59
volume05,volume05/ag455ct-02r_fn2_drag.dat,13205,4be29d6aeb112ec45a1fcdd41127fa4631415b88b3e09a56dc34e42f9d002c94
volume05,volume05/ag455ct-02r_fn2_lift.dat,7216,9267c2e8ab9753fc9edb820a89d1cd28762fc4f77db7778e0b10b9f32d6bc36e
volume05,volume05/ag455ct-02r_fn5_drag.dat,3723,46c97821dad4b1d84f6cbab644c0d84aa9ceccfe1c1165c58cd3fe025566e55a
volume05,volume05/ag455ct-02r_fn5_lift.dat,2082,703c4dc0cdc149d6ef6b3ab670c3beaa1272f433fd037483dd6823dc4191053a
volume05,volume05/ag455ct-02r_fp0_drag.dat,11244,585cdff61282fc6fb369ab6cb7d5f943e1cdd013733f9a56e320d08db1d36753
volume05,volume05/ag455ct-02r_fp0_lift.dat,6078,a6d80f1682dfcb6b65f09bbd37f7acba7b4fa36c7ec9e965100ea5b30389275f
volume05,volume05/ag455ct-02r_fp10_drag.dat,3724,ec9caf0faee46926565665d5851ad63f6833162794f6bb0c348408bba2bd5bee
volume05,volume05/ag455ct-02r_fp10_lift.dat,2082,1ec701c77b7793ea6d2041e2b168ecb93faec9c862d4453673362ae996ae4200
volume05,volume05/ag455ct-02r_fp15_drag.dat,3725,422db29aa49033fa32ef7b096004db3e5fc2563b94cf3f573da4546e3907a611
volume05,volume05/ag455ct-02r_fp15_lift.dat,2084,e7843f237e08fdae6fe199b3a8a9091b925243bc9e5ba9ba20ac4ef2ff9b5529
volume05,volume05/ag455ct-02r_fp2_drag.dat,9487,a8d9de4a6dcf219d26309e9cbd48206ab8c347501f2c62cd2aced3e141e6ff5c
volume05,volume05/ag455ct-02r_fp2_lift.dat,5140,80c3d6b35268f48c80901da1bb41f1f4bfde746987cd8858d615f37c9bc67513
volume05,volume05/ag455ct-02r_fp4_drag.dat,9485,acd75294c4790a3c47460372024202aa741fc250b803fe5bd280754892fcea97
volume05,volume05/ag455ct-02r_fp4_lift.dat,5140,1ed3ebed71fd192851c3d01bc256f4cd1269466d479ec253df9e5b2b02244b43
volume05,volume05/ag455ct-02r_fp5_drag.dat,3723,28f45d4b59d5c12df458a5aaa57f0635c020780b4d8f62251b687f2084d26417
volume05,volume05/ag455ct-02r_fp5_lift.dat,2080,f4750ae4a1f12c72848ec72d19c2072bfb2c96348b2a8556dbfaaa4bbbc1081e
volume05,volume05/ag455ct-02r_gs_fn2_drag.dat,2955,e5fcb9f56443fc3fff1355883c0d2a120636407fede1803b5f37f39bbf7b7a57
volume05,volume05/ag455ct-02r_gs_fn2_lift.dat,1697,b722507971809296347c30dac37a1983942454287c033ec4a0cc23e6156e0298
volume05,volume05/ag455ct-02r_gs_fp0_drag.dat,2956,4fcd118adfb1c0a13901babf356551eb7c910ae52a510638851157603028c71c
volume05,volume05/ag455ct-02r_gs_fp0_lift.dat,1696,6718f774955349970cf12e26bfc273ac3b3d500203654bad805341f96b2831a4
volume05,volume05/ag455ct-02r_gs_fp4_drag.dat,3149,774ca76d0ca81ca9a7bee52279b2f4e73dc91724e75589719b01f66c1c73165e
volume05,volume05/ag455ct-02r_gs_fp4_lift.dat,1795,7bdd5fb1879990e1dce9269422a5437266d593ac67e90103c00345645de59726
volume05,volume05/cal1215j_drag.dat,10824,95cbbe32739730ce4663caead2db833a71aa1f364a8bcd52f60fae46ea504f7a
volume05,volume05/cal1215j_lift.dat,6906,59ca7ac086c03346ea487368f9f084860793e3c5f93fe484bc740c7a8b0a9bad
volume05,volume05/cal2263m_drag.dat,12483,d50b1e3403d7c7bedffef4f6d63f68d91c20ba2577bcea3d8cd8333b1330bf48
volume05,volume05/cal2263m_lift.dat,8843,99766163d3eb0db252b97aa975dfe8da7e5c0cc25de0bbe2e082a98a76bf0190
volume05,volume05/cal4014l_drag.dat,10530,fd29e266b4e68eba06b718f57af6d69ab311c16e77aebc6775c710953bdcb712
volume05,volume05/cal4014l_lift.dat,6907,086b900f134a7b6e16ad5b5db0764a3454bed776f76ee0c9302da0afe7bb5e92
volume05,volume05/e387_drag.dat,10131,c39c30a446b8bcd764ed29d5b0b9bd2f65efe10280889845cfa50daf8f119bdb
volume05,volume05/e387_lift.dat,7851,9b916e65af9ba46c545b1aeb6f2953facb28274df6d96523eb1b62dbbb37018f
volume05,volume05/fp_baseline_lift.dat,7629,281960cf5236410109efc0dd1deccbd40dc895263b2d71a7668dba04311ecd12
volume05,volume05/fp_large_cubes_lift.dat,4499,1ea59a131c87ef1880ec34b7507786ec0c8d2e823f973ee9d9b175e3cea35a83
volume05,volume05/fp_large_holes_lift.dat,2962,5fb6654ca72df6ebe1fea7c8f41cfe83fe374d49a4bb79130efce409eb94a106
volume05,volume05/fp_shark_a_lift.dat,7132,c5e7bcbae5b8e7d05bab914991d7bb5e829b0479c8a2aeda2c28a393b43dd9e4
volume05,volume05/fp_shark_b_lift.dat,7131,63ad68e78a804b3572ccf09adfd260584237f1cb4c5ce59312b10964dce02750
volume05,volume05/fp_shark_c_lift.dat,7132,a2c1566e638870fc54484c940b0ca8f23c50ef9b0bd1d3eac913799e4e7935da
volume05,volume05/fp_shark_d_lift.dat,7132,2f9bdb43cc55dae770dbfea65965e1d4f8a3d4fd50e014800f0c939a91a7fc39
volume05,volume05/fp_small_cubes_lift.dat,4348,8ee85e140859567c809172c65b88e4affb665134f07ebeef044141147c6fc332
volume05,volume05/fp_small_holes_lift.dat,4349,b63c99c32850e03bc44d51793f244652eb51634ea63b4f8d01586e636a8bc8ac
volume05,volume05/fp_square_lift.dat,7117,4c1f3ef005b55600268693aa9c29710eb64cfabaf82271b3adce986e8f063a9a
volume05,volume05/ma409_drag.dat,9257,ea7b837498f0a79dca21955d21e8b161000b9ba45e0f9fa268d35a0014ee879e
volume05,volume05/ma409_lift.dat,8498,4f84216f1e7eb4da497a28977c53c6a3c30baa27ff35a8aec4e9050ba2a31e38
volume05,volume05/naca43012a_drag.dat,13678,00dcbc6537d308cec6fbacfc7b7f314a37ed13f998d57a50cd54b8da28e56a97
volume05,volume05/naca43012a_lift.dat,9200,dcd7ae4e1c8b9f517b540b040cb67c0f67a779c67593040c6db37ddacdb85999
volume05,volume05/s1223_gf_1_2_lift.dat,7742,8037209a875188857c8ecef0ce245bc1ef5a421ceff045ec429229ec0ecea825
volume05,volume05/s1223_gf_1_4_lift.dat,7742,14d6369d414e55efba562f24ad92673aaa25d6c19b512fb8c333d7e731043b80
volume05,volume05/s1223_gf_3_16_lift.dat,7742,174d2da1d61a0e12b79c71b1d4e1da16f2c9e08569bd2b8237cedcd10242a4ee
volume05,volume05/s1223_gf_3_8_lift.dat,9629,b768f1dcf0ba92c940cea0d4d8c6ace78ee7f0bed0ee2c5baf054e7e5e6252d2
volume05,volume05/s1223_lift.dat,14661,b904811207fecd44e17fd8afed9105f2a9bb2af7b172075a78e4f5b5def157c2
volume05,volume05/s1223_trip_0135_lift.dat,3578,05101e80dc32f7ad154f7a39906b746c4edc76d5ba0e2321c6d777ad5bd90902
volume05,volume05/s1223_trip_0225_lift.dat,3578,1b209b1843db8c5cf298499802a33a27ee88381608e6a29cb4bfa1a6bd2fed43
volume05,volume05/s8064_drag.dat,10630,16ffd0c40d2ff57d27faffde6a2b83ce6fdf2c6e11a18be12cbb17d9d1fae2f8
volume05,volume05/s8064_lift.dat,7149,ae5eaef43ee81203419d0b02b21da0017d5ce1381fb68a342038652d1f2589c6
volume05,volume05/s9000_fp0_drag.dat,12605,a91ffccbc1c7a6135114c860e5c881ab5f9d07849da16dc91df69aecc871a351
volume05,volume05/s9000_fp0_lift.dat,8804,6364d2b00725c4b3c1e9f7465af29c6537dbaeffa705eddb577f42344fa3460b
volume05,volume05/s9000_fp3_drag.dat,12412,c634bf7d62b62e37ebf25e4cf01ee89aac4ee15aee2bb9691036b3182c162793
volume05,volume05/s9000_fp3_lift.dat,8659,5a3636e70557baa0b4e25086a1b2e06ea82a39b470556defe9e366c0fcafd7c2
volume05,volume05/s9000_fp5_drag.dat,12507,d9ba4fe78fe8516dee0b00867ae3cc581d1c79e062ce81f5c0c270bf7dc106a9
volume05,volume05/s9000_fp5_lift.dat,8605,05c924dbc9a323709b217ec192c020ecede5550775a3718b43d4e646176cd4e3
volume06,volume06/ag40d_f0_drag.dat,9284,0b4b655ca69cf072f3a54d22f3c9972e2adea1f2cb06abc6049c58799724c54c
volume06,volume06/ag40d_f0_lift.dat,6825,cb1f6aed208ad4909b2bc45a5f114e677ce8699465d0d0244e15e10d0f6f75bb
volume06,volume06/ag40d_fn10_drag.dat,9000,0d04ae32c01a375851046a92b81d792a5e1785cf52c5a645fdb4bf9dade36943
volume06,volume06/ag40d_fn10_lift.dat,6634,c05696309f2c86d7b6714213960e1f94f5d8adf788d0bf8c934d9e5ab0881feb
volume06,volume06/ag40d_fn15_drag.dat,9097,883130d9beb64631bb290ab5409163a56158f94f246e35b19dcfc9a663307c77
volume06,volume06/ag40d_fn15_lift.dat,6784,04d7eabecffbf0120d5a7194316ba58d1a53c919279ffabb2b99d9248824a347
volume06,volume06/ag40d_fn20_drag.dat,9392,fc2500303840c15c7e7127c403a0e35665d37bf36b467878397d4d3d39bded76
volume06,volume06/ag40d_fn20_lift.dat,6635,22642d87a8be04c3d81bcb4bd5417811ed503697f38a8e6bca991246d7509300
volume06,volume06/ag40d_fn5_drag.dat,7531,e7126b67c29ce2e3483a6953840a1bdafb883e4266023c050fce02fe32f9b050
volume06,volume06/ag40d_fn5_lift.dat,5244,26bc603cfcb6cdd795de0ca4bd19f715e4408f33df716cfa447ecacf10492b9f
volume06,volume06/ag40d_fp10_drag.dat,9782,44d1a0848a9a7e8864be7b86af41d89ff9b484318d7a62cbf29ea211f124946a
volume06,volume06/ag40d_fp10_lift.dat,6683,57f346a8e4dfe2424a14e7b0c239e0cae36fa41fa6dc47dd93f2a3c5fffcf9fc
volume06,volume06/ag40d_fp15_drag.dat,10177,6b04cabedbdbe0c255b8074e3085991fc08fc4f71021bb4ba86c2571cb91051c
volume06,volume06/ag40d_fp15_lift.dat,6734,6fb0a62710e4dfd29f62e055ab9b1a305659fa451770e6acd1b9e62779be3106
volume06,volume06/ag40d_fp20_drag.dat,7535,cec20194d76e6d0538e5526646b89a8b61b176856eaa73b2edf0c359c5f40e77
volume06,volume06/ag40d_fp20_lift.dat,5447,9c69a58ff8bf4f64a6bab4dff68e5b749bfd77ab05e3f1b4846f1718cdb91a02
volume06,volume06/ag40d_fp25_drag.dat,6846,7147c924da1ce4a802f73896842089602a041a1d6ca8e1e0d4ec95be279fedaa
volume06,volume06/ag40d_fp25_lift.dat,5297,379e9ba6e4fbdd2455ad06f2e8015f392024d797cf75ce40a3203657e0898673
volume06,volume06/ag40d_fp30_lift.dat,5047,4dfa0a7b39c4e206e47adae4ec5dcff85f772f07d8aadddd31c367e54842596c
volume06,volume06/ag40d_fp40_lift.dat,4897,336c1e7e264887f3e559b62c6e431e31fb237322e84c5c5f45eee77f3e6c54e6
volume06,volume06/ag40d_fp5_drag.dat,9093,d2fcdbf9056f15257b7cbbda46846eb67860228c46d9157816dcc216475951d6
volume06,volume06/ag40d_fp5_lift.dat,6581,191a272c567529e4675037c9682fa0b9452b73e2ad7bcbe1c0774ede71521cf7
volume06,volume06/ag455ct_f0_drag.dat,7925,73a949adc34ae45cd486ae130cb2d13525a50f132790958db54897a28d6e0fc5
volume06,volume06/ag455ct_f0_lift.dat,6639,187c6f13569755261e49480df6bffd35858c08214c25d0bda6ff9878ffeb97bf
volume06,volume06/ag455ct_fn10_drag.dat,8420,52a0080b13d81f790a1908e29f6c078045728f7dd3cdf55b779eaed143cded74
volume06,volume06/ag455ct_fn10_lift.dat,6343,462a10a54c21c1418c85eaa641592d6a6154a9620dfdab483e9da16d09dd1cbb
volume06,volume06/ag455ct_fn15_drag.dat,8322,1acbd790f1a4672e9b1ceec312b89b23c743d709aa4b28b55799a494761c7051
volume06,volume06/ag455ct_fn15_lift.dat,6792,f7ec56b35fc5a7fec57d67e9ce53ac2dd26aba36167fd28dad788bd226047b94
volume06,volume06/ag455ct_fn20_drag.dat,9105,64681a3abbb7f1da948e5a6675654f2b7aff808ba2ccd33602fb272a20b6da98
volume06,volume06/ag455ct_fn20_lift.dat,6843,3b5fee29e48bbd5f57f43f8f04d085c28371baf45c92d96ef67c9eec4e081012
volume06,volume06/ag455ct_fn5_drag.dat,8416,005ef0c80a132a705165f29b8b39997777992bcace43d13c9f0a5ea7a97de33d
volume06,volume06/ag455ct_fn5_lift.dat,6639,4a1daf98b41143badd4134745a79f7caeb44cba15698f5f59724d595628a63f4
volume06,volume06/ag455ct_fp10_drag.dat,8613,31f664537a77bc72c078689bff48ab64cbeac0424fbeaf81cb9296c92eacfbb6
volume06,volume06/ag455ct_fp10_lift.dat,6089,b3e3adfa3717f689492289258ecf59014e90488496b9a8ea510c73018ff07c1f
volume06,volume06/ag455ct_fp15_drag.dat,8716,cf8d98d888767f8de4af2f5ca1051c84f423123cc447f16dab1fd748994170d5
volume06,volume06/ag455ct_fp15_lift.dat,6492,6e4218630e6d4cedfe06e093cce7f47f89d4c46f63f8becb301555dba241cf98
volume06,volume06/ag455ct_fp20_drag.dat,7346,f6ad1a0e5b61648d637da5c433ced894996cbd59f0c8fcde2eaddaf9b976f838
volume06,volume06/ag455ct_fp20_lift.dat,4855,293e9e685a2a4ac43df1cacd9ad788363147ba9043ebb72974c9fbdfbdc79360
volume06,volume06/ag455ct_fp25_drag.dat,6661,46152be3ce2c220a040097d9f4e955e7c2f5aea8a187cbef91b5022f5ebfed0b
volume06,volume06/ag455ct_fp25_lift.dat,4655,833b928f917c26dd1d184aabe519178d14b74718f8916df4b06a7a8b21061150
volume06,volume06/ag455ct_fp30_drag.dat,7053,188105cebc019670886611501183658c532d4f6fd7f193cd5281929339f9d568
volume06,volume06/ag455ct_fp30_lift.dat,4755,b9e47e4e9c8640e874d1e3e6bec974a64a09ce2988a11c195efe110acd3a7ba2
volume06,volume06/ag455ct_fp40_drag.dat,4899,16feb78995664beceb518297b09157491d54de0f54fafa4156dced3b0dd4752c
volume06,volume06/ag455ct_fp40_lift.dat,3468,b6a2ae5fb90fdf85f27942341eab7e191485a096d33f07f9155ff997996a79a6
volume06,volume06/ag455ct_fp5_drag.dat,8709,099191b60c8c62016ca2ad7b4e5815023196573050485a9134ea60812e320e3e
volume06,volume06/ag455ct_fp5_lift.dat,6239,4b98dbd283f4e90c8335d853ec91af24952c9b4d5bc6148c339e112881b79e43
volume06,volume06/w1011-20_f0_drag.dat,6560,eff740b92ab61020e680c73fc0ee018eaef42529f38e2ed92e9d5613a82be300
volume06,volume06/w1011-20_f0_lift.dat,4463,0e2806016325488033f9c39b3e2cf930b0b8301af1eb0d4c201d9abba890d5d5
volume06,volume06/w1011-20_fp10_drag.dat,6466,b56f28ea9ee133c8291ef9835f1842de0ff79dc752bb5dedeac3e0b42e925ca0
volume06,volume06/w1011-20_fp10_lift.dat,4168,2a0742c4671ab335e659d40f2d08be212e8b118870440de161778ea0eaa35ca4
volume06,volume06/w1011-20_fp15_drag.dat,4413,f2fec1b31ce54ed8223fe793a50ffba685b295d66b59ab0f972298b419dada04
volume06,volume06/w1011-20_fp15_lift.dat,4118,ffdeac25af6dff3cbb2b26f8be44ac0630af64ef5f60c6f3b040f7256c631464
volume06,volume06/w1011-20_fp20_drag.dat,6270,f28acd0eb0b99021a524831b8235fe3970928fd0ef5f2c267f583a3906c314b0
volume06,volume06/w1011-20_fp20_lift.dat,4067,4d949c0e7d2806e0415d41467493bdda0b5b69f746100db2444dec68c5092f8e
volume06,volume06/w1011-20_fp25_drag.dat,4217,0adfe15ac5c4f53b1a3902bfd9a8c5796ddf61bc8fac59043784f25a8493c707
volume06,volume06/w1011-20_fp25_lift.dat,3968,7aaad965f8bed78dbae1d980058cd028c4e6d876f027d39321cf1d15f05e27c2
volume06,volume06/w1011-20_fp30_drag.dat,5878,9681aaaee7ed0ecb2ac1ee72f023059061f1329772182dc089b9dac81bf35e1b
volume06,volume06/w1011-20_fp30_lift.dat,4168,1cf14c95a108509f2c5118af03439168c7bd7a6802f0e9788c36302242e00bd2
volume06,volume06/w1011-20_fp35_lift.dat,3968,1878b31c5a19ab8ab3d883586bef28b87ccba2b2a9c4a6490c62dd68bd078d55
volume06,volume06/w1011-20_fp40_drag.dat,1182,14c6ca336ff7ef75c664cbdf61e0a10d5d41bd9bd43d6f642ba5b27a7e366590
volume06,volume06/w1011-20_fp40_lift.dat,3718,c078945f7d2f478f1def0b772a42ee3a0a96aeadf33c9e04afd7a08772112c92
volume06,volume06/w1011-20_fp45_lift.dat,3668,01864caaefef902c10e5ec1e3d0bc8f11c1e3cdee531ffca19091c6dae8c8425
volume06,volume06/w1011-20_fp50_drag.dat,1182,62aa49ae762d65f310d32189207c010d36d2293b2127b824332ff841be873967
volume06,volume06/w1011-20_fp50_lift.dat,3567,20b4464f0ccd74f06b10d823aca2887d98bec429799dd145c3d3f794a9b95a13
volume06,volume06/w1011-20_fp55_lift.dat,3468,e84348bf938b08e8e0d667591661435e2b781eb9b290b0c2fbd8a1fd1439f0a7
volume06,volume06/w1011-20_fp5_drag.dat,4410,7b20bbc72d5f1ef7dd527d8b95ec2cd292362445bb685f38193c49d429c04707
volume06,volume06/w1011-20_fp5_lift.dat,4314,523528c1377528663b11b7bc958769c6674dfae698bc77795d9ce4d53291ab23
volume06,volume06/w1011-20_fp60_drag.dat,1084,8c5c32aa4a5799aa165ec46baad696d0556540f8850f2b1a0ffae9033ec4ed93
volume06,volume06/w1011-20_fp60_lift.dat,3418,413fa3c117c8f3469d29e3c64764f95f62b121c35b7d28453b86b35fb84dd002
volume06,volume06/w1011-20_fp65_lift.dat,3417,5f63b85530c3079e38eb30f1af22901f3f7d4344030785591bcd1bfd1f7a9ecb
volume06,volume06/w1011-30_f0_drag.dat,6658,7d4441b32415d9f3e7a8e220f59882038f332b4678185cbaecbbe08833d8def7
volume06,volume06/w1011-30_f0_lift.dat,4762,4c91522dfae775ff522ff580437c984f61e1a31584e9b9c0c046bc21d0987f20
volume06,volume06/w1011-30_fp10_drag.dat,6369,fc34a338cdd04cd8e1dae65bcf657cee26ebb0d5b7e9e4155cb4472ffc9abb93
volume06,volume06/w1011-30_fp10_lift.dat,4117,af62c1a1b7dc2b5a10395cee055d91f4bdb13739113a9e3f2161ec0ca6c63f31
volume06,volume06/w1011-30_fp15_drag.dat,4217,603e3d79fb1669eaa5da22cab97b9e38c384e5488a746455e9e0c4b3fdca4be3
volume06,volume06/w1011-30_fp15_lift.dat,3968,29702e88e9b967b38c8dc880542bc1b62116f94c9e0292e31b18ad82d3461c6d
volume06,volume06/w1011-30_fp20_drag.dat,6075,b631a801fe6d5a34cb91434c85d1e3a018f1910b41131d1527532bc006c9377a
volume06,volume06/w1011-30_fp20_lift.dat,3867,fc0dcb272f7bad2437762ea05f3e564da48cc4ff7f416cab17a5042850267300
volume06,volume06/w1011-30_fp25_drag.dat,3923,3f0b6aca2aaa1eec0c5e3f5c4d1a0a75a3485b83b5d58338e244428de8db9469
volume06,volume06/w1011-30_fp25_lift.dat,3868,ae755d0288a97946114677db274e51b267786f1229a3e511cbe79f1d2ad8e7a7
volume06,volume06/w1011-30_fp30_drag.dat,3629,6063e064a111a911beda2f6705f5caed401143544d1a2f6d8d710726928ff5eb
volume06,volume06/w1011-30_fp30_lift.dat,3717,4da12071eb148643265cb2c95f00a56c71aa4562c0dad6af2c52379e9a219a3f
volume06,volume06/w1011-30_fp35_lift.dat,3567,b8c0590092c8be30e8937c06a600b7aebd2b033bc6daa83a437606af856610b4
volume06,volume06/w1011-30_fp40_drag.dat,1182,f1095dfee737930ef00c6670865ce78a30b02a1053fc5fb3b6d50db66cce9534
volume06,volume06/w1011-30_fp40_lift.dat,3417,92aa9effdc19025d8b0fad81d66a5a5fd1560b7014ee7fa8560a14a125c3df3e
volume06,volume06/w1011-30_fp45_lift.dat,3367,db8d7a192957a34bde156d104186da5f1a1e472bb47afe32864061091c9e8e92
volume06,volume06/w1011-30_fp50_drag.dat,1084,5a8108b5728400e21fc276bbd7bf8034a8dacf48f9e714f4f9a2632921460fb9
volume06,volume06/w1011-30_fp50_lift.dat,3268,7e4a573566eb7ad7234cd56dc0f2cc2ee46ce0153fea0068afedff4e1eba508e
volume06,volume06/w1011-30_fp55_lift.dat,3168,d53a734557f9a657aabbf0a4c0bae611c02471071f0214b2598345fc7fdb5e73
volume06,volume06/w1011-30_fp5_drag.dat,4410,5b9b34fbba5b85ba521e7cd9948ca1662b08f52958b69b1f4f952b2a92def761
volume06,volume06/w1011-30_fp5_lift.dat,4364,9de856a8bd1938eea3920d4ba3f7085e7203d189c8d51453fa5bbb993a966788
volume06,volume06/w1011-30_fp60_drag.dat,1084,3a78fdffe19088004777b875d9065942e38926f540f088a58b764ad99eeb91b7
volume06,volume06/w1011-30_fp60_lift.dat,3118,5fa97bfc52e035d5b0beea6f6041901c14fe84f63ecc75fddd5baf155d7689c7
volume06,volume06/w1011-30_fp65_lift.dat,3118,fb7305a7c7bc1a66e255728209917c5154cac2ec31657aff151b1e66254b2520
volume06,volume06/w1015-20_f0_drag.dat,7343,4fd3e5c28cfdd2a74b4b969c29e90c121298f6e2bf0b5623ff6ee31e0c9149de
volume06,volume06/w1015-20_f0_lift.dat,5012,4d7d3106bfbca8e25c3556ffcdbac2d94aef5c4cb3a232e58497bc8a8c603589
volume06,volume06/w1015-20_fp10_drag.dat,7348,cf5ebf235b45b01f6f9e140dd389fa6e18932e9d0ea68fcf7d997d6cdc7794e7
volume06,volume06/w1015-20_fp10_lift.dat,4918,f4e22ad3c51cca970311da2fd17c56257218e164d8e93b7f8487898284834c4e
volume06,volume06/w1015-20_fp15_drag.dat,4903,52f685c6dba33d6f077b085c6e9cacf0d314939dd44903027ff3c8877373d75e
volume06,volume06/w1015-20_fp15_lift.dat,4867,0487b14b746d996d7a85ca43b7e4bc8e34f8fbc483a9744c2f0c2424c2819b53
volume06,volume06/w1015-20_fp20_drag.dat,6662,906c21c2964386b0a8dbdd719bc8b6df6c8aeb984d62e4b71224322100641687
volume06,volume06/w1015-20_fp20_lift.dat,4718,097b19a883e83b5b52394c24e10daaaf5d5fdfe688f68be3c9018d3a26892f15
volume06,volume06/w1015-20_fp25_drag.dat,4413,59e0d03b20928d2db122657ced24f600461838ecd039115a11a4c767372e2803
volume06,volume06/w1015-20_fp25_lift.dat,4767,357a0e03a7ab2ddfe64af9a108f54621a23282705a610eb9d8c81c5f1f589c0d
volume06,volume06/w1015-20_fp30_drag.dat,5780,8197a85ae2dd470c0fc488e5fee98be1eb37997915d9264d12e3a6d3f61c341c
volume06,volume06/w1015-20_fp30_lift.dat,4617,ea108a2e7da75f16729ba4944de42d9f0f162489da7f243ddbd24308219f69f0
volume06,volume06/w1015-20_fp35_lift.dat,4568,3f0f648de1e9ab96e67c6844122b9b3dd31a5a94454325d9674f3efcde06d5fa
volume06,volume06/w1015-20_fp40_drag.dat,1379,b7bf95908440e45540de5921e907f18b4449626761ac3666481134ae1a7c7e77
volume06,volume06/w1015-20_fp40_lift.dat,4618,5ef73ae61d24f27c9abc36848f47778081b3e7b217b0b28a96e44b063b0b6e30
volume06,volume06/w1015-20_fp45_lift.dat,4518,c1c0a90e764cb30d02287128fccf0e18de5ea7a4ec579312b0271fff589c3086
volume06,volume06/w1015-20_fp50_drag.dat,1379,eaea2413a0ea7b4b759ed3962c2224d59890f2d3b6e0ce5765eb6231ba4aac27
volume06,volume06/w1015-20_fp50_lift.dat,4417,0e42e4835d658b4234bdfc8facf9f81acc93fd4eaacecc02e5232745d94ecf8c
volume06,volume06/w1015-20_fp55_lift.dat,4417,1f81091416da0c57a2a4185abd101522285c41fb8ef1e0d7db3af3a91a2e9507
volume06,volume06/w1015-20_fp5_drag.dat,5096,7665db4b6ead05dabba63267d08800cb971212f8c224d1f2d5eb4fb3b96295db
volume06,volume06/w1015-20_fp5_lift.dat,4915,b690ce0e4a8687002c1b29c421e23fba360960a3e95ac71cf65b38e1a12926f9
volume06,volume06/w1015-20_fp60_drag.dat,1379,0d07ac53035c319dc9a615257122956da2fb49946c94ca8caeb885a1958d88ad
volume06,volume06/w1015-20_fp60_lift.dat,4268,8071cabbe38589a83d200bf4fef323260b30e4be6d79820b3a0dfa240f51dd57
volume06,volume06/w1015-20_fp65_lift.dat,4368,5c5611af3a14ea3a1519aabaf82e62a3a1a450d44fa7a92aafb4af1bb1cd8727
volume06,volume06/w1015-30_f0_drag.dat,7539,0ace0d7782f80ab080454efe74d2050d52ee32c96b30df771c068f38bd3cb73c
volume06,volume06/w1015-30_f0_lift.dat,4813,d9ce38428d923696622c58eb86c28545d609a064b3867869b6a74a4a48056f9b
volume06,volume06/w1015-30_fp10_drag.dat,7252,0bb0b7aa9ae15f59d0724d94dbc7cfce048d292d95fec295bd99ce44a4d23d63
volume06,volume06/w1015-30_fp10_lift.dat,4668,e51b27df35ad1d86e9e0730e3ddb632a732453d66742e33d592c1bc5f262a5bc
volume06,volume06/w1015-30_fp15_drag.dat,4805,8a1ff7de8638aee1aad3868c674ddb99c84bcdeb745b2621f6c9e4c264ba21ab
volume06,volume06/w1015-30_fp15_lift.dat,4668,d2e9514857cd57d3b395203615c96656bd6273144f0f879f4fc147d6eac26e77
volume06,volume06/w1015-30_fp20_drag.dat,6762,e9f45f6564424d7cbd91d3ed08246d0c6fb6a417419032c5641bf68d1d5161a8
volume06,volume06/w1015-30_fp20_lift.dat,4618,f2d5c905b17ed6699a8de3a0abf484df379e2f76f3cbb4ea6fb1ae9ec9f80f9c
volume06,volume06/w1015-30_fp25_drag.dat,4609,18a257dd765d714d829008cf0b76e1484d23f5ce96eba98161773dcba30774f6
volume06,volume06/w1015-30_fp25_lift.dat,4568,1aa09b965368ce3473037466c771d3bc116a228186bd78bb1425fc5775311285
volume06,volume06/w1015-30_fp30_drag.dat,3923,a9c8cb04fc84f4ca764f6f4516f1e9a13c1f60c65cf1638da7fc8e3e5b9da488
volume06,volume06/w1015-30_fp30_lift.dat,4468,b035fbd849ba5607d841985e4a6fc8375eb6473f6330e262811b503edef5b55a
volume06,volume06/w1015-30_fp35_lift.dat,4418,41a901a5c55d67a106b855f11e26da118d6f99774e7ba55cdf909f0a5f7d6546
volume06,volume06/w1015-30_fp40_drag.dat,1379,6f06618b05887df1b6dc4886b35e4e98d171c83959b0082ea4a5fcf1660fb604
volume06,volume06/w1015-30_fp40_lift.dat,4318,e22d552908c8157e7a030f5a27c18ec84e50bdd64283d900909a71bf38a06a8d
volume06,volume06/w1015-30_fp45_lift.dat,4317,01b0d1c890a43749ec03f7bba4a4241cf9cc1aa0f12fcc2a129ce105de53f23f
volume06,volume06/w1015-30_fp50_drag.dat,1280,2ea2462a27ba4a10823cf12e2c6607d280a63c18486a0ef825f6708483a16bab
volume06,volume06/w1015-30_fp50_lift.dat,4218,f604c68ae719e7e6a292364662c4a4383f7ea206bb7880dd5885615450fa2d94
volume06,volume06/w1015-30_fp55_lift.dat,4218,117cb549add1837c98c34421d0f76728f14eb26f6052f618c5e7368e3a2af587
volume06,volume06/w1015-30_fp5_drag.dat,4508,9469226d4aec081a051476f341c4cbac97e26c41a8f68c7fcb25bbec6a3fc2a9
volume06,volume06/w1015-30_fp5_lift.dat,4814,ee26b6ffeca7c4887af5e60dc94765062337083d2748b571a840c544b3d9e3de
volume06,volume06/w1015-30_fp60_drag.dat,1280,f7ef4ca6b8dbe2a51a613ccf0a8970043d307a20bbf93e4b3c9db42562a4935b
volume06,volume06/w1015-30_fp60_lift.dat,4167,9f9833e3d5a0e983c9aec04cc946abfa80033cde705e16014bf5c6fc83b3e826
volume06,volume06/w1015-30_fp65_lift.dat,4168,1071f55e13c5f425d39b12e71b184b1a2ed6487f4af45b7d9f8ef412bd364aff
